MDR_REPORT_KEY,idnumber,PMA_PMN_NUM
8402371,DEN130013,DEN130013
9035458,DEN130013,DEN130013
9713244,DEN130013,DEN130013
8524809,DEN130013,DEN130013
8619191,DEN130013,DEN130013
6750295,DEN130013,DEN130013
8857521,DEN130013,DEN130013
9182633,DEN130013,DEN130013
9469893,DEN130013,DEN130013
7138923,DEN130013,DEN130013
8681286,DEN130013,DEN130013
6981048,DEN130013,DEN130013
9309975,DEN130013,DEN130013
10174809,DEN130013,DEN130013
6717331,DEN130013,DEN130013
8227818,DEN130013,DEN130013
6677538,DEN130013,DEN130013
6926187,DEN130013,DEN130013
9146244,DEN130013,DEN130013
10014318,DEN130013,DEN130013
7011159,DEN130013,DEN130013
9194851,DEN130013,DEN130013
7812607,DEN130013,DEN130013
8524807,DEN130013,DEN130013
7319379,DEN130013,DEN130013
7110236,DEN130013,DEN130013
6862684,DEN130013,DEN130013
8455747,DEN130013,DEN130013
8644292,DEN130013,DEN130013
10194345,DEN130013,DEN130013
10174808,DEN130013,DEN130013
9856508,DEN130013,DEN130013
6946295,DEN130013,DEN130013
6993237,DEN130013,DEN130013
7464707,DEN130013,DEN130013
9934270,DEN130013,DEN130013
6764749,DEN130013,DEN130013
8861374,DEN130013,DEN130013
10009919,DEN130013,DEN130013
8681287,DEN130013,DEN130013
9008703,DEN130013,DEN130013
8108491,DEN130013,DEN130013
9884206,DEN130013,DEN130013
8800713,DEN130013,DEN130013
9418054,DEN130013,DEN130013
9363858,DEN130013,DEN130013
8950298,DEN130013,DEN130013
6675278,DEN130013,DEN130013
10285561,DEN130013,DEN130013
9572004,DEN130013,DEN130013
9309974,DEN130013,DEN130013
10169610,DEN130013,DEN130013
7630459,DEN130013,DEN130013
7053768,DEN130013,DEN130013
7231638,DEN130013,DEN130013
6725413,DEN130013,DEN130013
6936092,DEN130013,DEN130013
10285482,DEN130013,DEN130013
6952295,DEN130013,DEN130013
10127820,DEN130013,DEN130013
8170943,DEN130013,DEN130013
9923349,DEN130013,DEN130013
9526737,DEN130013,DEN130013
6777168,DEN130013,DEN130013
9128723,DEN130013,DEN130013
8305942,DEN130013,DEN130013
8362206,DEN130013,DEN130013
6768074,DEN130013,DEN130013
9884420,DEN130013,DEN130013
9309970,DEN130013,DEN130013
6764783,DEN130013,DEN130013
10194333,DEN130013,DEN130013
6737176,DEN130013,DEN130013
6981056,DEN130013,DEN130013
10035695,DEN130013,DEN130013
7991227,DEN130013,DEN130013
9540901,DEN130013,DEN130013
6987723,DEN130013,DEN130013
6722729,DEN130013,DEN130013
10175459,DEN130013,DEN130013
9759288,DEN130013,DEN130013
10285431,DEN130013,DEN130013
8258282,DEN130013,DEN130013
9106293,DEN130013,DEN130013
7931652,DEN130013,DEN130013
7345767,DEN130013,DEN130013
8110773,DEN130013,DEN130013
9174419,DEN130013,DEN130013
7953573,DEN130013,DEN130013
7103786,DEN130013,DEN130013
6380712,DEN130013,DEN130013
9820048,DEN130013,DEN130013
10175994,DEN130013,DEN130013
8084649,DEN130013,DEN130013
6875125,DEN130013,DEN130013
8956922,DEN130013,DEN130013
10176041,DEN130013,DEN130013
7938268,DEN130013,DEN130013
9572006,DEN130013,DEN130013
7938214,DEN130013,DEN130013
9770692,DEN130013,DEN130013
7028917,DEN130013,DEN130013
10175533,DEN130013,DEN130013
10285506,DEN130013,DEN130013
10176033,DEN130013,DEN130013
8950292,DEN130013,DEN130013
7553352,DEN130013,DEN130013
9713151,DEN130013,DEN130013
7621958,DEN130013,DEN130013
7304196,DEN130013,DEN130013
8634667,DEN130013,DEN130013
10049287,DEN130013,DEN130013
10285496,DEN130013,DEN130013
8455745,DEN130013,DEN130013
8846573,DEN130013,DEN130013
8950295,DEN130013,DEN130013
6725408,DEN130013,DEN130013
7975292,DEN130013,DEN130013
7176515,DEN130013,DEN130013
10194325,DEN130013,DEN130013
6708824,DEN130013,DEN130013
9526968,DEN130013,DEN130013
9930828,DEN130013,DEN130013
9547946,DEN130013,DEN130013
10101990,DEN130013,DEN130013
9954549,DEN130013,DEN130013
9572011,DEN130013,DEN130013
9572010,DEN130013,DEN130013
6653215,DEN130013,DEN130013
7985121,DEN130013,DEN130013
7828203,DEN130013,DEN130013
10240746,DEN130013,DEN130013
6837924,DEN130013,DEN130013
6764747,DEN130013,DEN130013
8047034,DEN130013,DEN130013
7827370,DEN130013,DEN130013
8906181,DEN130013,DEN130013
7452437,DEN130013,DEN130013
7451708,DEN130013,DEN130013
10285489,DEN130013,DEN130013
9733525,DEN130013,DEN130013
7236996,DEN130013,DEN130013
10067437,DEN130013,DEN130013
10195144,DEN130013,DEN130013
8539651,DEN130013,DEN130013
7827374,DEN130013,DEN130013
8668355,DEN130013,DEN130013
9526819,DEN130013,DEN130013
7809340,DEN130013,DEN130013
8544110,DEN130013,DEN130013
9954540,DEN130013,DEN130013
8950290,DEN130013,DEN130013
9954390,DEN130013,DEN130013
8800712,DEN130013,DEN130013
8248673,DEN130013,DEN130013
7327516,DEN130013,DEN130013
11789753,DEN130013,DEN130013
9972248,DEN130013,DEN130013
8528231,DEN130013,DEN130013
7358798,DEN130013,DEN130013
9733611,DEN130013,DEN130013
6789062,DEN130013,DEN130013
9934326,DEN130013,DEN130013
9875007,DEN130013,DEN130013
7703303,DEN130013,DEN130013
9070805,DEN130013,DEN130013
9363531,DEN130013,DEN130013
6702264,DEN130013,DEN130013
9483756,DEN130013,DEN130013
9881108,DEN130013,DEN130013
7734873,DEN130013,DEN130013
9316332,DEN130013,DEN130013
8402391,DEN130013,DEN130013
7045833,DEN130013,DEN130013
8350972,DEN130013,DEN130013
9881031,DEN130013,DEN130013
7569455,DEN130013,DEN130013
7319377,DEN130013,DEN130013
7932395,DEN130013,DEN130013
7819397,DEN130013,DEN130013
9757882,DEN130013,DEN130013
9252351,DEN130013,DEN130013
8539463,DEN130013,DEN130013
6380175,DEN130013,DEN130013
6765394,DEN130013,DEN130013
10162200,DEN130013,DEN130013
7703692,DEN130013,DEN130013
7273037,DEN130013,DEN130013
8861372,DEN130013,DEN130013
9683829,DEN130013,DEN130013
9120925,DEN130013,DEN130013
9440189,DEN130013,DEN130013
7047115,DEN130013,DEN130013
8544871,DEN130013,DEN130013
7698500,DEN130013,DEN130013
9850035,DEN130013,DEN130013
8444002,DEN130013,DEN130013
8254494,DEN130013,DEN130013
10089713,DEN130013,DEN130013
8524808,DEN130013,DEN130013
9917632,DEN130013,DEN130013
6524102,DEN130013,DEN130013
9316329,DEN130013,DEN130013
10162199,DEN130013,DEN130013
10285576,DEN130013,DEN130013
6993238,DEN130013,DEN130013
7319378,DEN130013,DEN130013
7462870,DEN130013,DEN130013
7960757,DEN130013,DEN130013
9972268,DEN130013,DEN130013
8746795,DEN130013,DEN130013
7157886,DEN130013,DEN130013
9386284,DEN130013,DEN130013
7537529,DEN130013,DEN130013
6714338,DEN130013,DEN130013
10162203,DEN130013,DEN130013
8612119,DEN130013,DEN130013
6866448,DEN130013,DEN130013
9175543,DEN130013,DEN130013
10285620,DEN130013,DEN130013
7060947,DEN130013,DEN130013
8907033,DEN130013,DEN130013
8984449,DEN130013,DEN130013
8950304,DEN130013,DEN130013
8950296,DEN130013,DEN130013
6764759,DEN130013,DEN130013
10260553,DEN130013,DEN130013
6833794,DEN130013,DEN130013
7767638,DEN130013,DEN130013
9174420,DEN130013,DEN130013
10067438,DEN130013,DEN130013
8675719,DEN130013,DEN130013
8355013,DEN130013,DEN130013
9582348,DEN130013,DEN130013
7148834,DEN130013,DEN130013
7655163,DEN130013,DEN130013
7064347,DEN130013,DEN130013
9432411,DEN130013,DEN130013
7915003,DEN130013,DEN130013
9491818,DEN130013,DEN130013
8337215,DEN130013,DEN130013
7326793,DEN130013,DEN130013
7086019,DEN130013,DEN130013
9152991,DEN130013,DEN130013
6703570,DEN130013,DEN130013
9175556,DEN130013,DEN130013
9633542,DEN130013,DEN130013
8355750,DEN130013,DEN130013
10162205,DEN130013,DEN130013
8305717,DEN130013,DEN130013
7480890,DEN130013,DEN130013
8540209,DEN130013,DEN130013
9226404,DEN130013,DEN130013
7341369,DEN130013,DEN130013
9972296,DEN130013,DEN130013
8596540,DEN130013,DEN130013
10176046,DEN130013,DEN130013
9363854,DEN130013,DEN130013
9578367,DEN130013,DEN130013
9124177,DEN130013,DEN130013
9831670,DEN130013,DEN130013
10071574,DEN130013,DEN130013
6745384,DEN130013,DEN130013
8950288,DEN130013,DEN130013
8606431,DEN130013,DEN130013
9316903,DEN130013,DEN130013
9874670,DEN130013,DEN130013
7818868,DEN130013,DEN130013
9572000,DEN130013,DEN130013
8950301,DEN130013,DEN130013
8950310,DEN130013,DEN130013
8488037,DEN130013,DEN130013
9292783,DEN130013,DEN130013
7182640,DEN130013,DEN130013
6776778,DEN130013,DEN130013
9933984,DEN130013,DEN130013
10175457,DEN130013,DEN130013
9972281,DEN130013,DEN130013
7148817,DEN130013,DEN130013
7396612,DEN130013,DEN130013
10076642,DEN130013,DEN130013
9151442,DEN130013,DEN130013
6427191,DEN130013,DEN130013
7244683,DEN130013,DEN130013
9917633,DEN130013,DEN130013
8480543,DEN130013,DEN130013
8037955,DEN130013,DEN130013
6984439,DEN130013,DEN130013
9930744,DEN130013,DEN130013
6784846,DEN130013,DEN130013
8857576,DEN130013,DEN130013
9734315,DEN130013,DEN130013
10127878,DEN130013,DEN130013
9078206,DEN130013,DEN130013
9461335,DEN130013,DEN130013
6611182,DEN130013,DEN130013
8861383,DEN130013,DEN130013
6937285,DEN130013,DEN130013
8861056,DEN130013,DEN130013
8524450,DEN130013,DEN130013
10240108,DEN130013,DEN130013
8560573,DEN130013,DEN130013
8004786,DEN130013,DEN130013
8037639,DEN130013,DEN130013
9968869,DEN130013,DEN130013
7304445,DEN130013,DEN130013
8727589,DEN130013,DEN130013
7335375,DEN130013,DEN130013
8524810,DEN130013,DEN130013
9644624,DEN130013,DEN130013
7396618,DEN130013,DEN130013
8086790,DEN130013,DEN130013
8583036,DEN130013,DEN130013
7084359,DEN130013,DEN130013
7865615,DEN130013,DEN130013
6764787,DEN130013,DEN130013
7335101,DEN130013,DEN130013
9174418,DEN130013,DEN130013
7083219,DEN130013,DEN130013
3875386,K120771,K120771
3789514,K120771,K120771
3546282,K120771,K120771
4056857,K120771,K120771
3837109,K120771,K120771
4128861,K120771,K120771
7044899,K120771,K120771
3686565,K120771,K120771
4578772,K120771,K120771
4167714,K120771,K120771
4280231,K120771,K120771
3698653,K120771,K120771
4460244,K120771,K120771
4153318,K120771,K120771
4039422,K120771,K120771
4021662,K120771,K120771
4284612,K120771,K120771
4049869,K120771,K120771
3752526,K120771,K120771
3885231,K120771,K120771
4570874,K120771,K120771
3978059,K120771,K120771
4111738,K120771,K120771
4215622,K120771,K120771
4292518,K120771,K120771
4560797,K120771,K120771
4348417,K120771,K120771
4348621,K120771,K120771
3933014,K120771,K120771
4570935,K120771,K120771
4082567,K120771,K120771
3973963,K120771,K120771
3654770,K120771,K120771
4061782,K120771,K120771
4443373,K120771,K120771
4050219,K120771,K120771
3978403,K120771,K120771
4000237,K120771,K120771
4182646,K120771,K120771
4065776,K120771,K120771
3791579,K120771,K120771
3602731,K120771,K120771
3831307,K120771,K120771
4061779,K120771,K120771
4335089,K120771,K120771
4249120,K120771,K120771
4331033,K120771,K120771
3962083,K120771,K120771
4439433,K120771,K120771
3977850,K120771,K120771
6156581,K120771,K120771
3982216,K120771,K120771
4428793,K120771,K120771
3433687,K120771,K120771
4048795,K120771,K120771
3545701,K120771,K120771
4021663,K120771,K120771
4460243,K120771,K120771
3656594,K120771,K120771
4052796,K120771,K120771
4378017,K120771,K120771
4049707,K120771,K120771
4378016,K120771,K120771
3844200,K120771,K120771
3945171,K120771,K120771
4017638,K120771,K120771
3602692,K120771,K120771
4101898,K120771,K120771
4000236,K120771,K120771
3939509,K120771,K120771
4571059,K120771,K120771
3917453,K120771,K120771
4042846,K120771,K120771
3945176,K120771,K120771
3942649,K120771,K120771
5230181,K120771,K120771
4344094,K120771,K120771
4576189,K120771,K120771
4439449,K120771,K120771
3691483,K120771,K120771
4065775,K120771,K120771
8560199,K133259,K133259
4517313,K133259,K133259
17787886,K150817,K150817
16826753,K150817,K150817
18320771,K150817,K150817
7312280,K150817,K150817
16780116,K150817,K150817
16156042,K150817,K150817
15469550,K150817,K150817
17867059,K150817,K150817
11105199,K150817,K150817
15885703,K150817,K150817
17984551,K150817,K150817
18012509,K150817,K150817
18423021,K150817,K150817
15977780,K150817,K150817
9249175,K150817,K150817
16263175,K150817,K150817
9144900,K150817,K150817
10539692,K150817,K150817
17959324,K150817,K150817
14825769,K150817,K150817
12158015,K150817,K150817
18055168,K150817,K150817
17387764,K150817,K150817
9161618,K150817,K150817
8027881,K150817,K150817
11884872,K150817,K150817
7841754,K150817,K150817
16530904,K150817,K150817
9146056,K150817,K150817
12631440,K150817,K150817
18363032,K150817,K150817
15468936,K150817,K150817
18107545,K150817,K150817
18367561,K150817,K150817
7576832,K150817,K150817
8136708,K150817,K150817
6665984,K150817,K150817
18342245,K150817,K150817
16951587,K150817,K150817
9001232,K150817,K150817
17696384,K150817,K150817
8207335,K150817,K150817
7849665,K150817,K150817
7511854,K150817,K150817
8269831,K150817,K150817
9676058,K150817,K150817
15291811,K150817,K150817
8300458,K150817,K150817
7917722,K150817,K150817
11705594,K150817,K150817
8787511,K150817,K150817
15665677,K150817,K150817
10238356,K150817,K150817
10669251,K150817,K150817
10660852,K150817,K150817
10975148,K150817,K150817
11010102,K150817,K150817
11998870,K150817,K150817
18054789,K150817,K150817
9579500,K150817,K150817
17737818,K150817,K150817
18099049,K150817,K150817
17697787,K150817,K150817
8089407,K150817,K150817
17610372,K150817,K150817
11923009,K150817,K150817
13059496,K150817,K150817
10784357,K150817,K150817
13565448,K150817,K150817
17406591,K150817,K150817
10633431,K150817,K150817
17648395,K150817,K150817
10747584,K150817,K150817
9068969,K150817,K150817
8905362,K150817,K150817
8757313,K150817,K150817
17839566,K150817,K150817
17368833,K150817,K150817
8987935,K150817,K150817
16589677,K150817,K150817
17736643,K150817,K150817
11162437,K150817,K150817
18235434,K150817,K150817
10342967,K150817,K150817
18070747,K150817,K150817
8868041,K150817,K150817
9401522,K150817,K150817
18400750,K150817,K150817
18255070,K150817,K150817
9779406,K150817,K150817
8193107,K150817,K150817
10294195,K150817,K150817
18391820,K150817,K150817
16515925,K150817,K150817
8975252,K150817,K150817
11819094,K150817,K150817
8193108,K150817,K150817
10747890,K150817,K150817
7653980,K150817,K150817
11275545,K150817,K150817
18254972,K150817,K150817
11633785,K150817,K150817
11373286,K150817,K150817
16841375,K150817,K150817
9260846,K150817,K150817
8844819,K150817,K150817
10600877,K150817,K150817
7349000,K150817,K150817
10419237,K150817,K150817
12267782,K150817,K150817
7312279,K150817,K150817
8730824,K150817,K150817
10373069,K150817,K150817
10784277,K150817,K150817
10373008,K150817,K150817
10975093,K150817,K150817
18117588,K150817,K150817
11094728,K150817,K150817
18391846,K150817,K150817
16731999,K150817,K150817
10903450,K150817,K150817
8243013,K150817,K150817
9224043,K150817,K150817
8905526,K150817,K150817
6665983,K150817,K150817
11403043,K150817,K150817
8193106,K150817,K150817
11325996,K150817,K150817
15371765,K150817,K150817
16081322,K150817,K150817
8373384,K150817,K150817
18255158,K150817,K150817
18140056,K150817,K150817
12530946,K150817,K150817
10526152,K150817,K150817
8338712,K150817,K150817
11854419,K150817,K150817
16780931,K150817,K150817
13616940,K150817,K150817
12959927,K150817,K150817
6665982,K150817,K150817
7713611,K150817,K150817
18228994,K150817,K150817
12553864,K150817,K150817
9693753,K150817,K150817
7478756,K150817,K150817
12415319,K150817,K150817
16333037,K150817,K150817
15743577,K150817,K150817
12881871,K150817,K150817
18371113,K150817,K150817
17612161,K150817,K150817
8059618,K150817,K150817
16616754,K150817,K150817
17017226,K150817,K150817
18074417,K150817,K150817
12097801,K150817,K150817
13440498,K150817,K150817
16971020,K150817,K150817
9278196,K150817,K150817
15851219,K150817,K150817
12407830,K150817,K150817
8881730,K150817,K150817
18391763,K150817,K150817
8338414,K150817,K150817
16103431,K150817,K150817
8944355,K150817,K150817
8834617,K150817,K150817
17735596,K150817,K150817
15193413,K150817,K150817
14495473,K150817,K150817
13773708,K150817,K150817
10453832,K150817,K150817
15814098,K150817,K150817
13859620,K150817,K150817
13567930,K150817,K150817
18150353,K150817,K150817
18198698,K150817,K150817
10064043,K150817,K150817
7717612,K150817,K150817
12381319,K150817,K150817
7998399,K150817,K150817
12907152,K150817,K150817
12328586,K150817,K150817
17839099,K150817,K150817
7424970,K150817,K150817
17675024,K150817,K150817
17648313,K150817,K150817
17560345,K150817,K150817
17581220,K150817,K150817
15291345,K150817,K150817
17496135,K150817,K150817
10114222,K150817,K150817
18311811,K150817,K150817
8844807,K150817,K150817
9217261,K150817,K150817
17839440,K150817,K150817
15430901,K150817,K150817
16485640,K150817,K150817
10312487,K150817,K150817
10373126,K150817,K150817
18207671,K150817,K150817
8389338,K150817,K150817
8904352,K150817,K150817
11011002,K150817,K150817
16223889,K150817,K150817
11372128,K150817,K150817
10114366,K150817,K150817
17496017,K150817,K150817
18135633,K150817,K150817
11378238,K150817,K150817
8389341,K150817,K150817
16826204,K150817,K150817
13412726,K150817,K150817
17132995,K150817,K150817
15743276,K150817,K150817
15416593,K150817,K150817
17988777,K150817,K150817
10710395,K150817,K150817
8513502,K150817,K150817
12466357,K150817,K150817
8411449,K150817,K150817
17496432,K150817,K150817
8649311,K150817,K150817
17764686,K150817,K150817
17199787,K150817,K150817
18099087,K150817,K150817
15637123,K150817,K150817
8027846,K150817,K150817
8314084,K150817,K150817
17265657,K150817,K150817
16826877,K150817,K150817
16517102,K150817,K150817
8602674,K150817,K150817
8706880,K150817,K150817
15550491,K150817,K150817
15589604,K150817,K150817
18118362,K150817,K150817
15036668,K150817,K150817
18124146,K150817,K150817
12148171,K150817,K150817
9289506,K150817,K150817
8644637,K150817,K150817
16239274,K150817,K150817
17825363,K150817,K150817
17839363,K150817,K150817
17581221,K150817,K150817
8787526,K150817,K150817
11818928,K150817,K150817
15866940,K150817,K150817
18012623,K150817,K150817
18168257,K150817,K150817
17448065,K150817,K150817
17584197,K150817,K150817
11064360,K150817,K150817
11884789,K150817,K150817
8665731,K150817,K150817
10142185,K150817,K150817
16173240,K150817,K150817
17405457,K150817,K150817
16103337,K150817,K150817
18054981,K150817,K150817
15722650,K150817,K150817
17396930,K150817,K150817
16649083,K150817,K150817
7841702,K150817,K150817
9144933,K150817,K150817
16122253,K150817,K150817
15986180,K150817,K150817
16990893,K150817,K150817
11964002,K150817,K150817
15625699,K150817,K150817
17424074,K150817,K150817
7535606,K161772,K161772
8659665,K161772,K161772
8795000,K161772,K161772
9242398,K161772,K161772
7102595,K161772,K161772
9225301,K161772,K161772
9616474,K161772,K161772
8737374,K161772,K161772
9301542,K161772,K161772
8795982,K161772,K161772
9634655,K161772,K161772
9447606,K161772,K161772
6589668,K161772,K161772
9406083,K161772,K161772
7866155,K161772,K161772
8948076,K161772,K161772
8545729,K161772,K161772
8175617,K161772,K161772
9284588,K161772,K161772
9365309,K161772,K161772
9356858,K161772,K161772
9413442,K161772,K161772
9601815,K161772,K161772
9470548,K161772,K161772
9379358,K161772,K161772
8713942,K161772,K161772
9633876,K161772,K161772
8030198,K161772,K161772
7559146,K161772,K161772
8454028,K161772,K161772
9315660,K161772,K161772
8842016,K161772,K161772
9512348,K161772,K161772
9153167,K161772,K161772
9497804,K161772,K161772
9975523,K161772,K161772
8004784,K161772,K161772
7515922,K161772,K161772
9492707,K161772,K161772
8424480,K161772,K161772
8176344,K161772,K161772
8655250,K161772,K161772
9263758,K161772,K161772
8999636,K161772,K161772
9072627,K161772,K161772
9126297,K161772,K161772
9477842,K161772,K161772
9099678,K161772,K161772
9616181,K161772,K161772
8833614,K161772,K161772
9879536,K161772,K161772
7029916,K161772,K161772
8108640,K161772,K161772
8261978,K161772,K161772
9354852,K161772,K161772
8902624,K161772,K161772
8554566,K161772,K161772
8689461,K161772,K161772
8454202,K161772,K161772
7652425,K161772,K161772
8496772,K161772,K161772
9406957,K161772,K161772
8261983,K161772,K161772
8236790,K161772,K161772
9359375,K161772,K161772
8461676,K161772,K161772
9613059,K161772,K161772
8554624,K161772,K161772
8441843,K161772,K161772
8500272,K161772,K161772
8655505,K161772,K161772
8269286,K161772,K161772
8367282,K161772,K161772
8083832,K161772,K161772
8313234,K161772,K161772
9125901,K161772,K161772
8621618,K161772,K161772
9503746,K161772,K161772
9492862,K161772,K161772
8261961,K161772,K161772
8927479,K161772,K161772
9210585,K161772,K161772
8782335,K161772,K161772
8175753,K161772,K161772
8786311,K161772,K161772
7123827,K161772,K161772
9613397,K161772,K161772
8283552,K161772,K161772
8593438,K161772,K161772
8593363,K161772,K161772
7041269,K161834,K161834
7383874,K161834,K161834
15428762,K171056,K171056
15501980,K171056,K171056
12716566,K180038,K180038
9118374,K180038,K180038
12716569,K180038,K180038
15992613,K180038,K180038
12716581,K180038,K180038
16045611,K180038,K180038
15905866,K180038,K180038
17972405,K180599,K180599
8961088,K180599,K180599
8356453,K181502,K181502
11980131,K181574,K181574
8691477,K181685,K181685
9727507,K181685,K181685
17998209,K181685,K181685
8508898,K182616,K182616
8543497,K182616,K182616
16378387,K183133,K183133
11991234,K183268,K183268
14435496,K183268,K183268
15758790,K183268,K183268
15914881,K183593,K183593
15114135,K183593,K183593
15114368,K183593,K183593
16626697,K183593,K183593
18387578,K183646,K183646
18311450,K183646,K183646
18365495,K183646,K183646
18311696,K183646,K183646
18243475,K183646,K183646
18263862,K183646,K183646
18242449,K183646,K183646
16452872,K190387,K200569
16501820,K190387,K190387
9295578,K190387,K190387
16498402,K190387,K190387
16498411,K190387,K190387
16498389,K190387,K200569
10960329,K190387,K190387
10273334,K190387,K190387
16452871,K190387,K190387
16501821,K190387,K190387
16498421,K190387,K190387
10009417,K192065,K192065
11881109,K192455,K192455
13502451,K192455,K192455
10375493,K192455,K192455
12144440,K192455,K192455
10609388,K192455,K192455
11996143,K192455,K192455
16820984,K192665,K192665
10006598,K193087,K193087
10141160,K193087,K193087
14017316,K193282,K193282
15519392,K200497,K200497
16498386,K200569,K200569
16491668,K200569,K200569
16491605,K200569,K200569
16491897,K200569,K200569
11951648,K200569,K190387
16452868,K200569,K200569
16452877,K200569,K200569
16974861,K201012,K201012
16582808,K201012,K201012
13237137,K201444,K201444
11922692,K201444,K201444
11719122,K203329,K203329
11181805,K203329,K203329
15341822,K203329,K203329
14237249,K203443,K203443
16914733,K210458,K210458
16491674,K210645,K210645
16491883,K210645,K210645
16468453,K210645,K210645
14269074,K210645,K210645
16468458,K210645,K210645
16735609,K210645,K210645
16491687,K210645,K210645
16491734,K210645,K210645
16491617,K210645,K210645
16491632,K210645,K210645
17224344,K211597,K211597
15501858,K211846,K211846
16461997,K211867,K211867
16462021,K211867,K211867
16452870,K211867,K211867
15162471,K211867,K222312
16468452,K211867,K211867
16461995,K211867,K211867
16468454,K211867,K211867
16461996,K211867,K211867
16452869,K211867,K211867
17918192,K212441,K212441
17994081,K212441,K212441
17993981,K212441,K212441
17993985,K212441,K212441
17918288,K212441,K212441
17918403,K212441,K212441
17994080,K212441,K212441
17994082,K212441,K212441
17917930,K212441,K212441
17918130,K212441,K212441
17917837,K212441,K212441
17918193,K212441,K212441
15976110,K212704,K212704
16990625,K213583,K213583
16616513,K213857,K213857
17980670,K213857,K213857
18370041,K213857,K213857
17889995,K213857,K213857
16916849,K213857,K213857
18159025,K213857,K213857
17927188,K213857,K213857
17953747,K213857,K213857
17032712,K213938,K213938
15904015,K220141,K222312
16452865,K220141,K220141
16452867,K220141,K220141
15906097,K220141,K220141
16452864,K220141,K220141
16306999,K220141,K220141
16452866,K220141,K220141
15064247,K220151,K220151
17415528,K220589,K220589
17452126,K220939,K220939
15657330,K220939,K220939
14642166,K220939,K220939
17546159,K220939,K220939
17452218,K221733,K221733
17098106,K221733,K221733
17465633,K221733,K221733
18354641,K222312,K222312
18414629,K222389,K163512
18340782,K222389,K163512
17466299,K222389,K222389
18379428,K222389,K163512
18378472,K222389,K222389
18414728,K222389,K163512
18372638,K222389,K163512
18340785,K222389,K163512
18340779,K222389,K163512
18414637,K222389,K163512
18419674,K222389,K163512
18400928,K222389,K163512
18419748,K222389,K163512
18378398,K222389,K163512
18372699,K222389,K163512
18374960,K222389,K163512
18354849,K222389,K222389
17106816,K222389,K222389
18378397,K222389,K163512
18331020,K222389,K222389
18414732,K222389,K163512
18414734,K222389,K163512
18414632,K222389,K163512
18381556,K222389,K163512
18374969,K222389,K163512
18414733,K222389,K163512
18378684,K222389,K163512
18372649,K222389,K163512
18340780,K222389,K163512
18378540,K222389,K163512
18128727,K223288,K223288
17894023,K223343,K223343
17621953,K223442,K223442
16264585,K223442,K223442
17438468,K231190,K231190
17221062,K231190,K231190
17442836,K231190,K231190
17446880,K231190,K231190
17442841,K231190,K231190
18082953,K231560,K231560
18300029,K231560,K231560
18082949,K231560,K231560
18193645,K231560,K231560
