MDR_REPORT_KEY,REPORT_NUMBER,DATE_RECEIVED,DATE_CHANGED,EVENT_TYPE,PMA_PMN_NUM,EXEMPTION_NUMBER,SUMMARY_REPORT
18423021,3010606081-2023-00093,12/31/2023,08/01/2025,M,K150817,,N
18419748,3007208829-2023-00221,12/29/2023,01/29/2026,M,K163512,,N
18419674,3007208829-2023-00219,12/29/2023,08/25/2025,M,K163512,,N
18414734,3007208829-2023-00218,12/28/2023,08/18/2025,M,K163512,,N
18414733,3007208829-2023-00225,12/28/2023,08/20/2025,M,K163512,,N
18414732,3007208829-2023-00217,12/28/2023,08/20/2025,M,K163512,,N
18414728,3007208829-2023-00223,12/28/2023,08/22/2025,M,K163512,,N
18414637,3007208829-2023-00209,12/28/2023,08/26/2025,M,K163512,,N
18414632,3007208829-2023-00222,12/28/2023,08/14/2025,M,K163512,,N
18414629,3007208829-2023-00211,12/28/2023,08/14/2025,M,K163512,,N
18400928,3007208829-2023-00212,12/27/2023,08/25/2025,M,K163512,,N
18400750,3010606081-2023-00092,12/27/2023,08/01/2025,M,K150817,,N
18391846,3010606081-2023-00091,12/26/2023,08/01/2025,M,K150817,,N
18391820,3010606081-2023-00090,12/26/2023,08/01/2025,M,K150817,,N
18391763,3010606081-2023-00089,12/26/2023,08/01/2025,M,K150817,,N
18387578,2015691-2023-18665,12/22/2023,08/19/2025,M,K183646,,N
18381556,3007208829-2023-00210,12/22/2023,08/05/2025,M,K163512,,N
18379428,3007208829-2023-00206,12/21/2023,08/25/2025,M,K163512,,N
18378684,3007208829-2023-00204,12/21/2023,08/05/2025,M,K163512,,N
18378540,3007208829-2023-00215,12/21/2023,01/29/2026,M,K163512,,N
18378472,3007208829-2023-00203,12/21/2023,01/29/2026,M,K222389,,N
18378398,3007208829-2023-00201,12/21/2023,01/29/2026,M,K163512,,N
18378397,3007208829-2023-00214,12/21/2023,08/25/2025,M,K163512,,N
18374969,3007208829-2023-00195,12/21/2023,08/18/2025,M,K163512,,N
18374960,3007208829-2023-00196,12/21/2023,08/19/2025,M,K163512,,N
18372699,3007208829-2023-00205,12/21/2023,08/21/2025,M,K163512,,N
18372649,3007208829-2023-00207,12/21/2023,08/20/2025,M,K163512,,N
18372638,3007208829-2023-00202,12/21/2023,08/18/2025,M,K163512,,N
18371113,3010606081-2023-00088,12/21/2023,08/01/2025,M,K150817,,N
18370041,3021637148-2023-00008,12/20/2023,08/06/2025,IN,K213857,,N
18367561,3010606081-2023-00087,12/20/2023,08/06/2025,M,K150817,,N
18365495,2015691-2023-18584,12/20/2023,08/01/2025,M,K183646,,N
18363032,3010606081-2023-00086,12/20/2023,08/06/2025,M,K150817,,N
18354849,3007208829-2023-00198,12/19/2023,08/22/2025,M,K222389,,N
18354641,3007774465-2023-00035,12/19/2023,08/25/2025,IN,K222312,,N
18342245,3010606081-2023-00084,12/17/2023,08/05/2025,M,K150817,,N
18340785,3007208829-2023-00192,12/15/2023,08/25/2025,M,K163512,,N
18340782,3007208829-2023-00193,12/15/2023,08/21/2025,M,K163512,,N
18340780,3007208829-2023-00191,12/15/2023,08/01/2025,M,K163512,,N
18340779,3007208829-2023-00197,12/15/2023,08/05/2025,M,K163512,,N
18331020,3007208829-2023-00168,12/14/2023,08/03/2025,M,K222389,,N
18320771,3010606081-2023-00085,12/13/2023,08/06/2025,M,K150817,,N
18311811,3010606081-2023-00083,12/12/2023,08/07/2025,M,K150817,,N
18311696,2015691-2023-18301,12/12/2023,07/30/2025,M,K183646,,N
18311450,2015691-2023-18296,12/12/2023,08/07/2025,M,K183646,,N
18300029,3002808157-2023-00016,12/11/2023,08/20/2025,IN,K231560,,N
18263862,2015691-2023-17919,12/04/2023,08/07/2025,M,K183646,,N
18255158,3010606081-2023-00082,12/04/2023,08/07/2025,M,K150817,,N
18255070,3010606081-2023-00081,12/04/2023,08/07/2025,M,K150817,,N
18254972,3010606081-2023-00080,12/04/2023,08/07/2025,M,K150817,,N
18243475,2015691-2023-17819,11/30/2023,08/17/2025,M,K183646,,N
18242449,2015691-2023-17818,11/30/2023,08/03/2025,M,K183646,,N
18235434,3010606081-2023-00079,11/30/2023,08/06/2025,M,K150817,,N
18228994,3010606081-2023-00078,11/29/2023,08/07/2025,M,K150817,,N
18207671,3010606081-2023-00077,11/26/2023,08/07/2025,M,K150817,,N
18198698,3010606081-2023-00076,11/23/2023,08/07/2025,M,K150817,,N
18193645,3002808157-2023-00015,11/22/2023,08/19/2025,IN,K231560,,N
18168257,3010606081-2023-00075,11/20/2023,08/07/2025,M,K150817,,N
18159025,3021637148-2023-00007,11/17/2023,08/05/2025,IN,K213857,,N
18150353,3010606081-2023-00074,11/16/2023,08/07/2025,M,K150817,,N
18140056,3010606081-2023-00073,11/15/2023,08/07/2025,M,K150817,,N
18135633,3010606081-2023-00072,11/14/2023,08/13/2025,M,K150817,,N
18128727,8043933-2023-00077,11/14/2023,08/07/2025,IN,K223288,,N
18124146,3010606081-2023-00071,11/13/2023,08/07/2025,M,K150817,,N
18118362,3010606081-2023-00070,11/13/2023,07/28/2025,M,K150817,,N
18117588,3010606081-2023-00069,11/13/2023,08/08/2025,M,K150817,,N
18107545,3010606081-2023-00068,11/09/2023,08/08/2025,M,K150817,,N
18099087,3010606081-2023-00067,11/09/2023,08/19/2025,M,K150817,,N
18099049,3010606081-2023-00066,11/09/2023,08/08/2025,M,K150817,,N
18082953,3002808157-2023-00013,11/07/2023,08/20/2025,IN,K231560,,N
18082949,3002808157-2023-00012,11/07/2023,08/20/2025,IN,K231560,,N
18074417,3010606081-2023-00065,11/06/2023,08/08/2025,M,K150817,,N
18070747,3010606081-2023-00064,11/05/2023,08/08/2025,M,K150817,,N
18055168,3010606081-2023-00063,11/02/2023,08/06/2025,M,K150817,,N
18054981,3010606081-2023-00062,11/02/2023,08/21/2025,M,K150817,,N
18054789,3010606081-2023-00061,11/02/2023,08/19/2025,M,K150817,,N
18012623,3010606081-2023-00060,10/26/2023,08/06/2025,M,K150817,,N
18012509,3010606081-2023-00059,10/26/2023,08/06/2025,M,K150817,,N
17998209,9610482-2023-00005,10/24/2023,08/20/2025,D,K181685,,N
17994082,3009529630-2023-00022,10/24/2023,08/11/2025,M,K212441,,N
17994081,3009529630-2023-00019,10/24/2023,08/13/2025,M,K212441,,N
17994080,3009529630-2023-00018,10/24/2023,08/26/2025,M,K212441,,N
17993985,3009529630-2023-00020,10/24/2023,08/08/2025,M,K212441,,N
17993981,3009529630-2023-00021,10/24/2023,08/26/2025,M,K212441,,N
17988777,3010606081-2023-00058,10/23/2023,08/01/2025,M,K150817,,N
17984551,3010606081-2023-00057,10/23/2023,08/01/2025,M,K150817,,N
17980670,3021637148-2023-00006,10/20/2023,08/05/2025,M,K213857,,N
17972405,3008729547-2023-00012,10/20/2023,08/20/2025,M,K180599,,N
17959324,3010606081-2023-00056,10/18/2023,08/06/2025,M,K150817,,N
17953747,3021637148-2023-00005,10/17/2023,08/05/2025,M,K213857,,N
17927188,3021637148-2023-00004,10/12/2023,08/05/2025,M,K213857,,N
17918403,3009529630-2023-00015,10/12/2023,08/06/2025,M,K212441,,N
17918288,3009529630-2023-00014,10/12/2023,08/06/2025,M,K212441,,N
17918193,3009529630-2023-00011,10/12/2023,08/07/2025,M,K212441,,N
17918192,3009529630-2023-00013,10/12/2023,08/06/2025,M,K212441,,N
17918130,3009529630-2023-00012,10/12/2023,08/06/2025,M,K212441,,N
17917930,3009529630-2023-00010,10/12/2023,08/06/2025,M,K212441,,N
17917837,3009529630-2023-00009,10/12/2023,08/06/2025,M,K212441,,N
17894023,3004754211-2023-00004,10/09/2023,08/19/2025,IN,K223343,,N
17889995,3021637148-2023-00003,10/06/2023,08/01/2025,M,K213857,,N
17867059,3010606081-2023-00054,10/04/2023,07/29/2025,M,K150817,,N
17839566,3010606081-2023-00051,09/28/2023,08/06/2025,M,K150817,,N
17839440,3010606081-2023-00052,09/28/2023,08/06/2025,M,K150817,,N
17839363,3010606081-2023-00050,09/28/2023,08/21/2025,M,K150817,,N
17839099,3010606081-2023-00053,09/28/2023,08/06/2025,M,K150817,,N
17825363,3010606081-2023-00049,09/27/2023,08/01/2025,M,K150817,,N
17787886,3010606081-2023-00048,09/21/2023,08/06/2025,M,K150817,,N
17764686,3010606081-2023-00047,09/18/2023,08/06/2025,M,K150817,,N
17737818,3010606081-2023-00046,09/13/2023,08/06/2025,M,K150817,,N
17736643,3010606081-2023-00045,09/13/2023,08/06/2025,M,K150817,,N
17735596,3010606081-2023-00044,09/13/2023,08/06/2025,M,K150817,,N
17697787,3010606081-2023-00043,09/07/2023,07/31/2025,M,K150817,,N
17696384,3010606081-2023-00042,09/07/2023,08/06/2025,M,K150817,,N
17675024,3010606081-2023-00041,09/03/2023,08/12/2025,M,K150817,,N
17648395,3010606081-2023-00040,08/30/2023,08/14/2025,M,K150817,,N
17648313,3010606081-2023-00039,08/30/2023,08/15/2025,M,K150817,,N
17621953,3003768277-2023-04632,08/25/2023,08/20/2025,M,K223442,,N
17612161,3010606081-2023-00038,08/24/2023,08/05/2025,M,K150817,,N
17610372,3010606081-2023-00037,08/24/2023,07/31/2025,M,K150817,,N
17584197,3010606081-2023-00036,08/21/2023,08/06/2025,M,K150817,,N
17581221,3010606081-2023-00035,08/20/2023,08/06/2025,M,K150817,,N
17581220,3010606081-2023-00034,08/20/2023,08/05/2025,M,K150817,,N
17560345,3010606081-2023-00033,08/16/2023,08/06/2025,M,K150817,,N
17546159,3002808157-2023-00009,08/14/2023,08/06/2025,IN,K220939,,N
17496432,3010606081-2023-00032,08/10/2023,08/05/2025,M,K150817,,N
17496135,3010606081-2023-00031,08/10/2023,07/28/2025,M,K150817,,N
17496017,3010606081-2023-00030,08/10/2023,08/03/2025,M,K150817,,N
17466299,3007208829-2023-00044,08/04/2023,07/28/2025,M,K222389,,N
17465633,3002808157-2023-00008,08/04/2023,08/19/2025,IN,K221733,,N
17452218,3002808157-2023-00007,08/03/2023,08/19/2025,IN,K221733,,N
17452126,3002808157-2023-00006,08/03/2023,08/03/2025,IN,K220939,,N
17448065,3010606081-2023-00029,08/03/2023,08/05/2025,M,K150817,,N
17446880,3019216-2023-00113,08/02/2023,08/20/2025,M,K231190,,N
17442841,3019216-2023-00115,08/02/2023,07/24/2025,M,K231190,,N
17442836,3019216-2023-00112,08/02/2023,08/20/2025,M,K231190,,N
17438468,3019216-2023-00111,08/01/2023,08/20/2025,M,K231190,,N
17424074,3010606081-2023-00028,07/31/2023,08/15/2025,M,K150817,,N
17415528,3002808157-2023-00005,07/28/2023,08/20/2025,IN,K220589,,N
17406591,3010606081-2023-00027,07/27/2023,08/07/2025,M,K150817,,N
17405457,3010606081-2023-00026,07/27/2023,08/05/2025,M,K150817,,N
17396930,3010606081-2023-00025,07/26/2023,08/01/2025,M,K150817,,N
17387764,3010606081-2023-00024,07/25/2023,08/01/2025,M,K150817,,N
17368833,3010606081-2023-00023,07/21/2023,08/10/2025,M,K150817,,N
17265657,3010606081-2023-00022,07/06/2023,08/01/2025,M,K150817,,N
17224344,3019216-2023-00090,06/29/2023,08/19/2025,M,K211597,,N
17221062,3019216-2023-00088,06/28/2023,08/20/2025,M,K231190,,N
17199787,3010606081-2023-00021,06/26/2023,07/31/2025,M,K150817,,N
17132995,3010606081-2023-00020,06/15/2023,08/05/2025,M,K150817,,N
17106816,3007208829-2023-00030,06/12/2023,08/03/2025,IN,K222389,,N
17098106,3002808157-2023-00001,06/09/2023,07/27/2025,IN,K221733,,N
17032712,9612283-2023-00003,05/31/2023,08/06/2025,IN,K213938,,N
17017226,3010606081-2023-00019,05/29/2023,07/27/2025,M,K150817,,N
16990893,3010606081-2023-00018,05/24/2023,07/28/2025,M,K150817,,N
16990625,3003768277-2023-03134,05/24/2023,08/05/2025,IN,K213583,,N
16974861,3019216-2023-00067,05/22/2023,08/20/2025,IN,K201012,,N
16971020,3010606081-2023-00017,05/21/2023,08/11/2025,M,K150817,,N
16951587,3010606081-2023-00016,05/18/2023,08/11/2025,M,K150817,,N
16916849,3021637148-2023-00002,05/11/2023,08/19/2025,M,K213857,,N
16914733,2024168-2023-05081,05/11/2023,08/05/2025,M,K210458,,N
16841375,3010606081-2023-00015,04/30/2023,08/21/2025,M,K150817,,N
16826877,3010606081-2023-00013,04/27/2023,07/28/2025,M,K150817,,N
16826753,3010606081-2023-00014,04/27/2023,07/28/2025,M,K150817,,N
16826204,3010606081-2023-00012,04/27/2023,07/28/2025,M,K150817,,N
16820984,3010671651-2023-00001,04/26/2023,07/31/2025,IN,K192665,,N
16780931,3010606081-2023-00011,04/20/2023,07/27/2025,M,K150817,,N
16780116,3010606081-2023-00010,04/20/2023,07/28/2025,M,K150817,,N
16735609,3007774465-2023-00030,04/13/2023,08/25/2025,M,K210645,,N
16731999,3010606081-2023-00009,04/13/2023,07/25/2025,M,K150817,,N
16649083,3010606081-2023-00008,03/30/2023,07/25/2025,M,K150817,,N
16626697,3014491269-2023-00001,03/28/2023,07/31/2025,M,K183593,,N
16616754,3010606081-2023-00007,03/26/2023,07/27/2025,M,K150817,,N
16616513,3021637148-2023-00001,03/24/2023,08/08/2025,M,K213857,,N
16589677,3010606081-2023-00006,03/22/2023,07/27/2025,M,K150817,,N
16582808,3019216-2023-00029,03/21/2023,07/30/2025,M,K201012,,N
16530904,3010606081-2023-00005,03/13/2023,07/25/2025,M,K150817,,N
16517102,3010606081-2023-00003,03/09/2023,07/25/2025,M,K150817,,N
16515925,3010606081-2023-00004,03/09/2023,07/25/2025,M,K150817,,N
16501821,3007774465-2023-00025,03/08/2023,08/25/2025,M,K190387,,N
16501820,3007774465-2023-00024,03/08/2023,08/25/2025,M,K190387,,N
16498421,3007774465-2023-00020,03/07/2023,08/25/2025,M,K190387,,N
16498411,3007774465-2023-00023,03/07/2023,08/25/2025,M,K190387,,N
16498402,3007774465-2023-00021,03/07/2023,08/25/2025,M,K190387,,N
16498389,3007774465-2023-00022,03/07/2023,08/25/2025,M,K200569,,N
16498386,3007774465-2023-00019,03/07/2023,08/25/2025,M,K200569,,N
16491897,3007774465-2023-00015,03/06/2023,08/25/2025,M,K200569,,N
16491883,3007774465-2023-00013,03/06/2023,08/25/2025,M,K210645,,N
16491734,3010034862-2023-00011,03/06/2023,08/25/2025,M,K210645,,N
16491687,3010034862-2023-00014,03/06/2023,08/25/2025,M,K210645,,N
16491674,3010034862-2023-00013,03/06/2023,08/22/2025,M,K210645,,N
16491668,3007774465-2023-00016,03/06/2023,08/25/2025,M,K200569,,N
16491632,3007774465-2023-00011,03/06/2023,08/25/2025,M,K210645,,N
16491617,3007774465-2023-00014,03/06/2023,08/25/2025,M,K210645,,N
16491605,3007774465-2023-00017,03/06/2023,08/25/2025,M,K200569,,N
16485640,3010606081-2023-00002,03/06/2023,07/25/2025,M,K150817,,N
16468458,3010034862-2023-00010,03/02/2023,08/25/2025,M,K210645,,N
16468454,3010034862-2023-00009,03/02/2023,08/25/2025,M,K211867,,N
16468453,3007774465-2023-00010,03/02/2023,08/25/2025,M,K210645,,N
16468452,3007774465-2023-00009,03/02/2023,08/25/2025,M,K211867,,N
16462021,3007774465-2023-00007,03/01/2023,08/26/2025,M,K211867,,N
16461997,3010034862-2023-00007,03/01/2023,08/25/2025,M,K211867,,N
16461996,3010034862-2023-00008,03/01/2023,08/25/2025,M,K211867,,N
16461995,3007774465-2023-00008,03/01/2023,08/25/2025,M,K211867,,N
16452877,3007774465-2023-00006,02/28/2023,08/26/2025,M,K200569,,N
16452872,3007774465-2023-00002,02/28/2023,08/25/2025,M,K200569,,N
16452871,3010034862-2023-00002,02/28/2023,08/25/2025,M,K190387,,N
16452870,3010034862-2023-00004,02/28/2023,08/25/2025,M,K211867,,N
16452869,3007774465-2023-00004,02/28/2023,08/25/2025,M,K211867,,N
16452868,3010034862-2023-00006,02/28/2023,08/25/2025,M,K200569,,N
16452867,3010034862-2023-00005,02/28/2023,08/25/2025,M,K220141,,N
16452866,3007774465-2023-00003,02/28/2023,08/25/2025,M,K220141,,N
16452865,3007774465-2023-00005,02/28/2023,08/25/2025,M,K220141,,N
16452864,3010034862-2023-00003,02/28/2023,08/25/2025,M,K220141,,N
16378387,2184149-2023-00021,02/15/2023,07/31/2025,M,K183133,,N
16333037,3010606081-2023-00001,02/09/2023,07/28/2025,M,K150817,,N
16306999,3007774465-2023-00001,02/06/2023,08/25/2025,M,K220141,,N
16264585,3003768277-2023-00617,01/30/2023,08/20/2025,M,K223442,,N
16263175,3010606081-2022-00041,01/30/2023,08/01/2025,M,K150817,,N
16239274,3010606081-2022-00040,01/25/2023,08/27/2025,M,K150817,,N
16223889,3010606081-2022-00039,01/23/2023,07/28/2025,M,K150817,,N
16173240,3010606081-2022-00038,01/16/2023,08/07/2025,M,K150817,,N
16156042,3010606081-2022-00037,01/13/2023,08/06/2025,M,K150817,,N
16122253,3010606081-2022-00036,01/09/2023,07/31/2025,M,K150817,,N
16103431,3010606081-2022-00035,01/05/2023,07/31/2025,M,K150817,,N
16103337,3010606081-2022-00034,01/05/2023,07/30/2025,M,K150817,,N
16081322,3010606081-2022-00033,01/01/2023,07/25/2025,M,K150817,,N
16045611,2031966-2022-00295,12/23/2022,07/25/2025,M,K180038,,N
15992613,2031966-2022-00287,12/15/2022,07/28/2025,M,K180038,,N
15986180,3010606081-2022-00032,12/15/2022,07/31/2025,M,K150817,,N
15977780,3010606081-2022-00031,12/14/2022,07/31/2025,M,K150817,,N
15976110,3019216-2022-00114,12/14/2022,08/20/2025,M,K212704,,N
15914881,3014491269-2022-00003,12/05/2022,07/25/2025,M,K183593,,N
15906097,3007774465-2022-00005,12/02/2022,08/25/2025,M,K220141,,N
15905866,2031966-2022-00274,12/02/2022,07/31/2025,IN,K180038,,N
15904015,3007774465-2022-00004,12/02/2022,08/25/2025,M,K222312,,N
15885703,3010606081-2022-00030,11/30/2022,07/25/2025,M,K150817,,N
15866940,3010606081-2022-00029,11/26/2022,07/25/2025,M,K150817,,N
15851219,3010606081-2022-00028,11/23/2022,08/03/2025,M,K150817,,N
15814098,3010606081-2022-00027,11/17/2022,07/31/2025,M,K150817,,N
15758790,1220246-2022-05728,11/09/2022,07/29/2025,M,K183268,,N
15743577,3010606081-2022-00026,11/07/2022,07/31/2025,M,K150817,,N
15743276,3010606081-2022-00025,11/07/2022,07/31/2025,M,K150817,,N
15722650,3010606081-2022-00024,11/03/2022,07/25/2025,M,K150817,,N
15665677,3010606081-2022-00023,10/25/2022,07/31/2025,M,K150817,,N
15657330,3002808157-2022-49711,10/24/2022,07/30/2025,IN,K220939,,N
15637123,3010606081-2022-00022,10/20/2022,08/26/2025,M,K150817,,N
15625699,3010606081-2022-00021,10/18/2022,07/30/2025,M,K150817,,N
15589604,3010606081-2022-00020,10/12/2022,07/31/2025,M,K150817,,N
15550491,3010606081-2022-00019,10/06/2022,07/31/2025,M,K150817,,N
15519392,9610482-2022-00003,09/30/2022,08/01/2025,M,K200497,,N
15501980,2027454-2022-00021,09/29/2022,07/30/2025,M,K171056,,N
15501858,2126677-2022-00013,09/29/2022,07/27/2025,IN,K211846,,N
15469550,3010606081-2022-00018,09/23/2022,08/07/2025,M,K150817,,N
15468936,3010606081-2022-00017,09/22/2022,07/31/2025,M,K150817,,N
15430901,3010606081-2022-00016,09/15/2022,07/30/2025,M,K150817,,N
15428762,2027454-2022-00018,09/15/2022,08/07/2025,M,K171056,,N
15416593,3010606081-2022-00015,09/14/2022,08/01/2025,M,K150817,,N
15371765,3010606081-2022-00014,09/07/2022,07/30/2025,M,K150817,,N
15341822,3021637148-2022-00001,09/01/2022,08/07/2025,IN,K203329,,N
15291811,3010606081-2022-00013,08/25/2022,08/03/2025,M,K150817,,N
15291345,3010606081-2022-00012,08/25/2022,07/30/2025,M,K150817,,N
15193413,3010606081-2022-00011,08/09/2022,07/30/2025,M,K150817,,N
15162471,3007774465-2022-00003,08/04/2022,08/25/2025,IN,K222312,,N
15114368,3014491269-2022-00002,07/27/2022,07/30/2025,M,K183593,,N
15114135,3014491269-2022-00001,07/27/2022,07/31/2025,M,K183593,,N
15064247,3002808157-2022-33725,07/20/2022,08/18/2025,M,K220151,,N
15036668,3010606081-2022-00010,07/17/2022,07/31/2025,M,K150817,,N
14825769,3010606081-2022-00009,06/27/2022,07/31/2025,M,K150817,,N
14642166,3002808157-2022-29590,06/09/2022,08/03/2025,IN,K220939,,N
14495473,3010606081-2022-00008,05/25/2022,08/13/2025,M,K150817,,N
14435496,1220246-2022-04925,05/19/2022,07/30/2025,M,K183268,,N
14269074,3007774465-2022-00001,05/03/2022,08/25/2025,IN,K210645,,N
14237249,3002808157-2022-25010,04/28/2022,08/01/2025,IN,K203443,,N
14017316,2183553-2022-00006,04/05/2022,08/13/2025,IN,K193282,,N
13859620,3010606081-2022-00007,03/23/2022,08/21/2025,M,K150817,,N
13773708,3010606081-2022-00006,03/15/2022,08/03/2025,M,K150817,,N
13616940,3010606081-2022-00005,02/28/2022,08/01/2025,M,K150817,,N
13567930,3010606081-2022-00004,02/21/2022,08/01/2025,M,K150817,,N
13565448,3010606081-2022-00003,02/20/2022,08/08/2025,M,K150817,,N
13502451,2182926-2022-00003,02/09/2022,07/30/2025,M,K192455,,N
13440498,3010606081-2022-00002,02/03/2022,07/29/2025,M,K150817,,N
13412726,3010606081-2022-00001,02/01/2022,08/01/2025,M,K150817,,N
13237137,3004977335-2022-10625,01/12/2022,08/13/2025,M,K201444,,N
13059496,3010606081-2021-00032,12/22/2021,07/28/2025,M,K150817,,N
12959927,3010606081-2021-00031,12/08/2021,08/07/2025,M,K150817,,N
12907152,3010606081-2021-00030,12/01/2021,08/08/2025,M,K150817,,N
12881871,3010606081-2021-00029,11/29/2021,08/08/2025,M,K150817,,N
12716581,2031966-2021-00148,10/28/2021,08/06/2025,M,K180038,,N
12716569,2031966-2021-00147,10/28/2021,07/25/2025,M,K180038,,N
12716566,2031966-2021-00146,10/28/2021,08/07/2025,M,K180038,,N
12631440,3010606081-2021-00028,10/14/2021,08/12/2025,M,K150817,,N
12553864,3010606081-2021-00027,09/30/2021,08/11/2025,M,K150817,,N
12530946,3010606081-2021-00026,09/26/2021,08/25/2025,M,K150817,,N
12466357,3010606081-2021-00025,09/14/2021,07/25/2025,M,K150817,,N
12415319,3010606081-2021-00024,09/02/2021,07/30/2025,M,K150817,,N
12407830,3010606081-2021-00023,09/01/2021,08/13/2025,M,K150817,,N
12381319,3010606081-2021-00022,08/29/2021,08/15/2025,M,K150817,,N
12328586,3010606081-2021-00021,08/16/2021,07/30/2025,M,K150817,,N
12267782,3010606081-2021-00020,08/03/2021,08/04/2025,M,K150817,,N
12158015,3010606081-2021-00019,07/13/2021,08/13/2025,M,K150817,,N
12148171,3010606081-2021-00018,07/11/2021,07/28/2025,M,K150817,,N
12144440,2183926-2021-00015,07/09/2021,08/03/2025,M,K192455,,N
12097801,3010606081-2021-00017,07/01/2021,07/25/2025,M,K150817,,N
11998870,3010606081-2021-00016,06/15/2021,08/27/2025,M,K150817,,N
11996143,2183926-2021-00013,06/14/2021,08/07/2025,M,K192455,,N
11991234,1220246-2021-03273,06/14/2021,08/21/2025,M,K183268,,N
11980131,3013757696-2021-00001,06/10/2021,08/21/2025,M,K181574,,Y
11964002,3010606081-2021-00015,06/09/2021,08/05/2025,M,K150817,,N
11951648,3007774465-2021-00001,06/07/2021,08/25/2025,IN,K190387,,N
11923009,3010606081-2021-00014,06/02/2021,08/17/2025,M,K150817,,N
11922692,3004977335-2021-79885,06/02/2021,08/06/2025,M,K201444,,N
11884872,3010606081-2021-00013,05/26/2021,07/28/2025,M,K150817,,N
11884789,3010606081-2021-00012,05/26/2021,08/05/2025,M,K150817,,N
11881109,2183926-2021-00012,05/25/2021,08/06/2025,M,K192455,,N
11854419,3010606081-2021-00011,05/20/2021,08/08/2025,M,K150817,,N
11819094,3010606081-2021-00010,05/13/2021,08/25/2025,M,K150817,,N
11818928,3010606081-2021-00009,05/13/2021,07/25/2025,M,K150817,,N
11789753,9615754-2021-00146,05/07/2021,07/28/2025,M,DEN130013,,N
11719122,3011276938-2021-00002,04/23/2021,08/27/2025,IN,K203329,,N
11705594,3010606081-2021-00008,04/22/2021,07/28/2025,M,K150817,,N
11633785,3010606081-2021-00007,04/08/2021,08/07/2025,M,K150817,,N
11403043,3010606081-2021-00006,03/03/2021,07/28/2025,M,K150817,,N
11378238,3010606081-2021-00005,02/25/2021,08/15/2025,M,K150817,,N
11373286,3010606081-2021-00004,02/24/2021,07/25/2025,M,K150817,,N
11372128,3010606081-2021-00003,02/24/2021,07/29/2025,M,K150817,,N
11325996,3010606081-2021-00002,02/14/2021,08/12/2025,M,K150817,,N
11275545,3010606081-2021-00001,02/03/2021,08/13/2025,M,K150817,,N
11181805,3011276938-2021-00001,01/15/2021,07/31/2025,M,K203329,,N
11162437,3010606081-2020-00036,01/13/2021,07/29/2025,M,K150817,,N
11105199,3010606081-2020-00035,01/03/2021,07/29/2025,M,K150817,,N
11094728,3010606081-2020-00034,12/30/2020,08/07/2025,M,K150817,,N
11064360,3010606081-2020-00033,12/23/2020,08/18/2025,M,K150817,,N
11011002,3010606081-2020-00032,12/15/2020,07/29/2025,M,K150817,,N
11010102,3010606081-2020-00031,12/15/2020,08/24/2025,M,K150817,,N
10975148,3010606081-2020-00030,12/09/2020,08/13/2025,M,K150817,,N
10975093,3010606081-2020-00029,12/09/2020,07/29/2025,M,K150817,,N
10960329,3007774465-2020-00004,12/07/2020,08/25/2025,IN,K190387,,N
10903450,3010606081-2020-00028,11/25/2020,08/18/2025,M,K150817,,N
10784357,3010606081-2020-00027,11/04/2020,08/26/2025,M,K150817,,N
10784277,3010606081-2020-00026,11/04/2020,08/22/2025,M,K150817,,N
10747890,3010606081-2020-00025,10/28/2020,08/06/2025,M,K150817,,N
10747584,3010606081-2020-00024,10/28/2020,07/29/2025,M,K150817,,N
10710395,3010606081-2020-00023,10/21/2020,07/29/2025,M,K150817,,N
10669251,3010606081-2020-00021,10/13/2020,08/27/2025,M,K150817,,N
10660852,3010606081-2020-00022,10/12/2020,08/04/2025,M,K150817,,N
10633431,3010606081-2020-00020,10/06/2020,07/28/2025,M,K150817,,N
10609388,2183926-2020-00039,09/30/2020,08/11/2025,M,K192455,,N
10600877,3010606081-2020-00019,09/29/2020,08/26/2025,M,K150817,,N
10539692,3010606081-2020-00018,09/16/2020,07/29/2025,M,K150817,,N
10526152,3010606081-2020-00017,09/13/2020,08/15/2025,M,K150817,,N
10453832,3010606081-2020-00016,08/26/2020,08/21/2025,M,K150817,,N
10419237,3010606081-2020-00015,08/18/2020,08/05/2025,M,K150817,,N
10375493,2183926-2020-00031,08/06/2020,08/05/2025,M,K192455,,N
10373126,3010606081-2020-00014,08/06/2020,07/29/2025,M,K150817,,N
10373069,3010606081-2020-00013,08/06/2020,07/29/2025,M,K150817,,N
10373008,3010606081-2020-00011,08/06/2020,07/30/2025,M,K150817,,N
10342967,3010606081-2020-00012,07/30/2020,08/11/2025,M,K150817,,N
10312487,3010606081-2020-00010,07/23/2020,07/29/2025,M,K150817,,N
10294195,3010606081-2020-00009,07/20/2020,07/28/2025,M,K150817,,N
10285620,9615754-2020-00116,07/16/2020,08/22/2025,M,DEN130013,,N
10285576,9615754-2020-00122,07/16/2020,08/27/2025,M,DEN130013,,N
10285561,9615754-2020-00117,07/16/2020,08/11/2025,M,DEN130013,,N
10285506,9615754-2020-00119,07/16/2020,07/29/2025,M,DEN130013,,N
10285496,9615754-2020-00121,07/16/2020,07/29/2025,M,DEN130013,,N
10285489,9615754-2020-00118,07/16/2020,08/15/2025,M,DEN130013,,N
10285482,9615754-2020-00120,07/16/2020,07/29/2025,M,DEN130013,,N
10285431,9615754-2020-00115,07/16/2020,08/26/2025,M,DEN130013,,N
10273334,3007774465-2020-00003,07/14/2020,08/25/2025,IN,K190387,,N
10260553,9615754-2020-00113,07/10/2020,08/25/2025,M,DEN130013,,N
10240746,9615754-2020-00112,07/07/2020,08/06/2025,M,DEN130013,,N
10240108,9615754-2020-00111,07/07/2020,08/06/2025,M,DEN130013,,N
10238356,3010606081-2020-00008,07/07/2020,08/06/2025,M,K150817,,N
10195144,9615754-2020-00107,06/25/2020,07/28/2025,M,DEN130013,,N
10194345,9615754-2020-00106,06/25/2020,08/01/2025,M,DEN130013,,N
10194333,9615754-2020-00105,06/25/2020,08/13/2025,M,DEN130013,,N
10194325,9615754-2020-00104,06/25/2020,08/01/2025,M,DEN130013,,N
10176046,9615754-2020-00100,06/19/2020,07/27/2025,M,DEN130013,,N
10176041,9615754-2020-00098,06/19/2020,07/29/2025,M,DEN130013,,N
10176033,9615754-2020-00097,06/19/2020,07/28/2025,M,DEN130013,,N
10175994,9615754-2020-00099,06/19/2020,07/31/2025,M,DEN130013,,N
10175533,9615754-2020-00101,06/19/2020,07/25/2025,M,DEN130013,,N
10175459,9615754-2020-00095,06/19/2020,07/24/2025,M,DEN130013,,N
10175457,9615754-2020-00096,06/19/2020,08/01/2025,M,DEN130013,,N
10174809,9615754-2020-00093,06/19/2020,08/05/2025,M,DEN130013,,N
10174808,9615754-2020-00094,06/19/2020,08/11/2025,M,DEN130013,,N
10169610,9615754-2020-00092,06/18/2020,08/17/2025,M,DEN130013,,N
10162205,9615754-2020-00088,06/17/2020,08/04/2025,M,DEN130013,,N
10162203,9615754-2020-00087,06/17/2020,07/29/2025,M,DEN130013,,N
10162200,9615754-2020-00090,06/17/2020,08/25/2025,M,DEN130013,,N
10162199,9615754-2020-00089,06/17/2020,08/18/2025,M,DEN130013,,N
10142185,3010606081-2020-00007,06/11/2020,08/26/2025,M,K150817,,N
10141160,3005791775-2020-00027,06/10/2020,07/29/2025,IN,K193087,,N
10127878,9615754-2020-00086,06/08/2020,08/03/2025,M,DEN130013,,N
10127820,9615754-2020-00085,06/08/2020,07/27/2025,M,DEN130013,,N
10114366,3010606081-2020-00006,06/03/2020,08/18/2025,M,K150817,,N
10114222,3010606081-2020-00005,06/03/2020,07/30/2025,M,K150817,,N
10101990,9615754-2020-00084,05/29/2020,08/17/2025,M,DEN130013,,N
10089713,9615754-2020-00082,05/26/2020,07/29/2025,M,DEN130013,,N
10076642,9615754-2020-00081,05/20/2020,08/01/2025,M,DEN130013,,N
10071574,9615754-2020-00080,05/19/2020,08/01/2025,M,DEN130013,,N
10067438,9615754-2020-00076,05/18/2020,08/11/2025,M,DEN130013,,N
10067437,9615754-2020-00079,05/18/2020,07/31/2025,M,DEN130013,,N
10064043,3010606081-2020-00004,05/17/2020,07/29/2025,M,K150817,,N
10049287,9615754-2020-00078,05/12/2020,07/29/2025,M,DEN130013,,N
10035695,9615754-2020-00077,05/07/2020,08/04/2025,M,DEN130013,,N
10014318,9615754-2020-00075,04/30/2020,08/06/2025,M,DEN130013,,N
10009919,9615754-2020-00074,04/29/2020,08/01/2025,IN,DEN130013,,N
10009417,3004977335-2020-26705,04/29/2020,07/30/2025,M,K192065,,N
10006598,3005791775-2020-00021,04/28/2020,07/29/2025,M,K193087,,N
9975523,3011276938-2020-00009,04/17/2020,08/26/2025,M,K161772,,N
9972296,9615754-2020-00073,04/17/2020,07/25/2025,M,DEN130013,,N
9972281,9615754-2020-00072,04/17/2020,08/13/2025,M,DEN130013,,N
9972268,9615754-2020-00071,04/17/2020,08/11/2025,M,DEN130013,,N
9972248,9615754-2020-00070,04/17/2020,08/05/2025,M,DEN130013,,N
9968869,9615754-2020-00069,04/16/2020,08/24/2025,M,DEN130013,,N
9954549,9615754-2020-00067,04/13/2020,08/01/2025,M,DEN130013,,N
9954540,9615754-2020-00066,04/13/2020,08/01/2025,M,DEN130013,,N
9954390,9615754-2020-00065,04/13/2020,08/01/2025,M,DEN130013,,N
9934326,9615754-2020-00064,04/08/2020,08/15/2025,M,DEN130013,,N
9934270,9615754-2020-00063,04/08/2020,08/26/2025,M,DEN130013,,N
9933984,9615754-2020-00062,04/08/2020,08/12/2025,M,DEN130013,,N
9930828,9615754-2020-00055,04/06/2020,07/31/2025,M,DEN130013,,N
9930744,9615754-2020-00061,04/06/2020,07/31/2025,M,DEN130013,,N
9923349,9615754-2020-00060,04/03/2020,08/12/2025,M,DEN130013,,N
9917633,9615754-2020-00058,04/02/2020,08/15/2025,M,DEN130013,,N
9917632,9615754-2020-00057,04/02/2020,08/14/2025,M,DEN130013,,N
9884420,9615754-2020-00050,03/26/2020,07/28/2025,M,DEN130013,,N
9884206,9615754-2020-00049,03/26/2020,08/12/2025,M,DEN130013,,N
9881108,9615754-2020-00048,03/25/2020,08/11/2025,M,DEN130013,,N
9881031,9615754-2020-00047,03/25/2020,08/07/2025,M,DEN130013,,N
9879536,3011276938-2020-00008,03/25/2020,08/26/2025,M,K161772,,N
9875007,9615754-2020-00045,03/24/2020,07/28/2025,M,DEN130013,,N
9874670,9615754-2020-00044,03/24/2020,07/25/2025,M,DEN130013,,N
9856508,9615754-2020-00042,03/19/2020,08/12/2025,M,DEN130013,,N
9850035,9615754-2020-00041,03/18/2020,08/13/2025,M,DEN130013,,N
9831670,9615754-2020-00040,03/13/2020,08/01/2025,M,DEN130013,,N
9820048,9615754-2020-00039,03/11/2020,08/04/2025,M,DEN130013,,N
9779406,3010606081-2020-00003,03/03/2020,08/14/2025,M,K150817,,N
9770692,9615754-2020-00035,02/28/2020,07/25/2025,M,DEN130013,,N
9759288,9615754-2020-00034,02/26/2020,08/03/2025,M,DEN130013,,N
9757882,9615754-2020-00033,02/26/2020,08/17/2025,M,DEN130013,,N
9734315,9615754-2020-00032,02/20/2020,07/31/2025,M,DEN130013,,N
9733611,9615754-2020-00031,02/20/2020,07/31/2025,M,DEN130013,,N
9733525,9615754-2020-00030,02/20/2020,07/25/2025,M,DEN130013,,N
9727507,9610482-2020-00002,02/19/2020,07/31/2025,M,K181685,,N
9713244,9615754-2020-00028,02/14/2020,08/15/2025,M,DEN130013,,N
9713151,9615754-2020-00027,02/14/2020,08/17/2025,M,DEN130013,,N
9693753,3010606081-2020-00002,02/11/2020,08/22/2025,M,K150817,,N
9683829,9615754-2020-00026,02/07/2020,07/25/2025,M,DEN130013,,N
9676058,3010606081-2020-00001,02/06/2020,08/25/2025,M,K150817,,N
9644624,9615754-2020-00025,01/29/2020,08/11/2025,M,DEN130013,,N
9634655,3011276938-2020-00007,01/27/2020,08/15/2025,M,K161772,,N
9633876,3011276938-2020-00006,01/27/2020,08/11/2025,M,K161772,,N
9633542,9615754-2020-00024,01/27/2020,08/05/2025,M,DEN130013,,N
9616474,3011276938-2020-00005,01/22/2020,08/25/2025,M,K161772,,N
9616181,3011276938-2020-00004,01/22/2020,08/11/2025,M,K161772,,N
9613397,3011276938-2020-00003,01/21/2020,08/10/2025,M,K161772,,N
9613059,3011276938-2020-00002,01/21/2020,08/11/2025,M,K161772,,N
9601815,3011276938-2020-00001,01/17/2020,07/25/2025,M,K161772,,N
9582348,9615754-2020-00023,01/13/2020,07/29/2025,M,DEN130013,,N
9579500,3010606081-2019-00043,01/12/2020,08/27/2025,M,K150817,,N
9578367,9615754-2020-00022,01/10/2020,08/26/2025,M,DEN130013,,N
9572011,9615754-2020-00008,01/09/2020,07/31/2025,M,DEN130013,,N
9572010,9615754-2020-00009,01/09/2020,07/31/2025,M,DEN130013,,N
9572006,9615754-2020-00007,01/09/2020,08/24/2025,M,DEN130013,,N
9572004,9615754-2020-00006,01/09/2020,08/01/2025,M,DEN130013,,N
9572000,9615754-2020-00005,01/09/2020,07/31/2025,M,DEN130013,,N
9547946,9615754-2020-00003,01/03/2020,07/31/2025,M,DEN130013,,N
9540901,9615754-2020-00002,01/02/2020,07/31/2025,M,DEN130013,,N
9526968,9615754-2019-00144,12/27/2019,07/28/2025,M,DEN130013,,N
9526819,9615754-2019-00143,12/27/2019,08/01/2025,M,DEN130013,,N
9526737,9615754-2019-00142,12/27/2019,07/27/2025,M,DEN130013,,N
9512348,3011276938-2019-00065,12/23/2019,08/18/2025,M,K161772,,N
9503746,3011276938-2019-00064,12/20/2019,08/14/2025,M,K161772,,N
9497804,3011276938-2019-00063,12/19/2019,08/10/2025,M,K161772,,N
9492862,3011276938-2019-00062,12/19/2019,08/15/2025,M,K161772,,N
9492707,3011276938-2019-00061,12/19/2019,08/05/2025,M,K161772,,N
9491818,9615754-2019-00140,12/18/2019,08/01/2025,M,DEN130013,,N
9483756,9615754-2019-00139,12/17/2019,07/31/2025,M,DEN130013,,N
9477842,3011276938-2019-00060,12/17/2019,08/18/2025,M,K161772,,N
9470548,3011276938-2019-00059,12/14/2019,08/12/2025,M,K161772,,N
9469893,9615754-2019-00138,12/13/2019,08/12/2025,M,DEN130013,,N
9461335,9615754-2019-00137,12/12/2019,08/01/2025,M,DEN130013,,N
9447606,3011276938-2019-00058,12/10/2019,08/18/2025,M,K161772,,N
9440189,9615754-2019-00135,12/09/2019,08/27/2025,M,DEN130013,,N
9432411,9615754-2019-00136,12/06/2019,07/27/2025,M,DEN130013,,N
9418054,9615754-2019-00134,12/05/2019,07/28/2025,M,DEN130013,,N
9413442,3011276938-2019-00057,12/04/2019,08/13/2025,M,K161772,,N
9406957,3011276938-2019-00056,12/03/2019,08/15/2025,M,K161772,,N
9406083,3011276938-2019-00055,12/03/2019,08/27/2025,M,K161772,,N
9401522,3010606081-2019-00042,12/03/2019,08/26/2025,M,K150817,,N
9386284,9615754-2019-00133,11/27/2019,08/11/2025,M,DEN130013,,N
9379358,3011276938-2019-00054,11/26/2019,08/01/2025,M,K161772,,N
9365309,3011276938-2019-00053,11/22/2019,08/25/2025,M,K161772,,N
9363858,9615754-2019-00130,11/22/2019,08/27/2025,M,DEN130013,,N
9363854,9615754-2019-00131,11/22/2019,08/11/2025,M,DEN130013,,N
9363531,9615754-2019-00129,11/22/2019,08/13/2025,M,DEN130013,,N
9359375,3011276938-2019-00052,11/21/2019,08/04/2025,M,K161772,,N
9356858,3011276938-2019-00051,11/21/2019,07/25/2025,M,K161772,,N
9354852,3011276938-2019-00050,11/21/2019,08/08/2025,M,K161772,,N
9316903,9615754-2019-00124,11/13/2019,07/28/2025,M,DEN130013,,N
9316332,9615754-2019-00122,11/13/2019,08/27/2025,M,DEN130013,,N
9316329,9615754-2019-00123,11/13/2019,08/12/2025,M,DEN130013,,N
9315660,3011276938-2019-00049,11/13/2019,08/05/2025,M,K161772,,N
9309975,9615754-2019-00119,11/12/2019,08/05/2025,M,DEN130013,,N
9309974,9615754-2019-00121,11/12/2019,08/05/2025,M,DEN130013,,N
9309970,9615754-2019-00120,11/12/2019,08/05/2025,M,DEN130013,,N
9301542,3011276938-2019-00048,11/08/2019,08/14/2025,M,K161772,,N
9295578,3007774465-2019-00002,11/08/2019,08/25/2025,M,K190387,,N
9292783,9615754-2019-00117,11/07/2019,07/31/2025,M,DEN130013,,N
9289506,3010606081-2019-00041,11/07/2019,08/01/2025,M,K150817,,N
9284588,3011276938-2019-00047,11/06/2019,08/05/2025,M,K161772,,N
9278196,3010606081-2019-00040,11/05/2019,08/13/2025,M,K150817,,N
9263758,3011276938-2019-00046,10/31/2019,08/15/2025,IN,K161772,,N
9260846,3010606081-2019-00039,10/31/2019,08/12/2025,M,K150817,,N
9252351,9615754-2019-00115,10/29/2019,07/31/2025,M,DEN130013,,N
9249175,3010606081-2019-00038,10/29/2019,08/04/2025,M,K150817,,N
9242398,3011276938-2019-00045,10/25/2019,08/25/2025,M,K161772,,N
9226404,9615754-2019-00114,10/23/2019,07/28/2025,M,DEN130013,,N
9225301,3011276938-2019-00044,10/23/2019,07/25/2025,M,K161772,,N
9224043,3010606081-2019-00037,10/23/2019,08/13/2025,M,K150817,,N
9217261,3010606081-2019-00036,10/22/2019,07/25/2025,M,K150817,,N
9210585,3011276938-2019-00043,10/18/2019,08/04/2025,M,K161772,,N
9194851,9615754-2019-00104,10/15/2019,07/27/2025,M,DEN130013,,N
9182633,9615754-2019-00102,10/11/2019,08/11/2025,M,DEN130013,,N
9175556,9615754-2019-00097,10/10/2019,08/07/2025,M,DEN130013,,N
9175543,9615754-2019-00101,10/10/2019,08/01/2025,M,DEN130013,,N
9174420,9615754-2019-00098,10/10/2019,07/29/2025,M,DEN130013,,N
9174419,9615754-2019-00099,10/10/2019,08/01/2025,M,DEN130013,,N
9174418,9615754-2019-00100,10/10/2019,07/29/2025,M,DEN130013,,N
9161618,3010606081-2019-00035,10/07/2019,08/13/2025,M,K150817,,N
9153167,3011276938-2019-00042,10/03/2019,08/04/2025,M,K161772,,N
9152991,9615754-2019-00095,10/03/2019,07/31/2025,M,DEN130013,,N
9151442,9615754-2019-00094,10/03/2019,08/15/2025,M,DEN130013,,N
9146244,9615754-2019-00093,10/02/2019,07/30/2025,M,DEN130013,,N
9146056,3010606081-2019-00034,10/02/2019,08/27/2025,IN,K150817,,N
9144933,3010606081-2019-00033,10/02/2019,08/15/2025,IN,K150817,,N
9144900,3010606081-2019-00032,10/02/2019,08/24/2025,M,K150817,,N
9128723,9615754-2019-00092,09/27/2019,08/26/2025,M,DEN130013,,N
9126297,3011276938-2019-00041,09/26/2019,07/25/2025,M,K161772,,N
9125901,3011276938-2019-00040,09/26/2019,08/11/2025,M,K161772,,N
9124177,9615754-2019-00091,09/26/2019,08/25/2025,M,DEN130013,,N
9120925,9615754-2019-00090,09/25/2019,08/12/2025,M,DEN130013,,N
9118374,2031966-2019-00239,09/25/2019,08/05/2025,M,K180038,,N
9106293,9615754-2019-00089,09/23/2019,07/31/2025,M,DEN130013,,N
9099678,3011276938-2019-00039,09/20/2019,08/26/2025,M,K161772,,N
9078206,9615754-2019-00088,09/17/2019,08/01/2025,M,DEN130013,,N
9072627,3011276938-2019-00038,09/16/2019,08/05/2025,M,K161772,,N
9070805,9615754-2019-00086,09/16/2019,07/31/2025,M,DEN130013,,N
9068969,3010606081-2019-00031,09/16/2019,08/24/2025,IN,K150817,,N
9035458,9615754-2019-00085,09/13/2019,08/01/2025,M,DEN130013,,N
9008703,9615754-2019-00084,09/12/2019,07/28/2025,M,DEN130013,,N
9001232,3010606081-2019-00030,09/12/2019,08/10/2025,M,K150817,,N
8999636,3011276938-2019-00037,09/11/2019,08/11/2025,M,K161772,,N
8987935,3010606081-2019-00029,09/11/2019,08/04/2025,IN,K150817,,N
8984449,9615754-2019-00083,09/10/2019,08/22/2025,M,DEN130013,,N
8975252,3010606081-2019-00028,09/09/2019,07/25/2025,IN,K150817,,N
8961088,3005860720-2019-00002,09/04/2019,07/31/2025,M,K180599,,N
8956922,9615754-2019-00082,09/03/2019,07/30/2025,M,DEN130013,,N
8950310,9615754-2019-00079,08/30/2019,08/18/2025,M,DEN130013,,N
8950304,9615754-2019-00081,08/30/2019,07/25/2025,M,DEN130013,,N
8950301,9615754-2019-00075,08/30/2019,08/03/2025,M,DEN130013,,N
8950298,9615754-2019-00078,08/30/2019,08/11/2025,M,DEN130013,,N
8950296,9615754-2019-00080,08/30/2019,08/13/2025,M,DEN130013,,N
8950295,9615754-2019-00077,08/30/2019,08/07/2025,M,DEN130013,,N
8950292,9615754-2019-00074,08/30/2019,08/03/2025,M,DEN130013,,N
8950290,9615754-2019-00076,08/30/2019,08/13/2025,M,DEN130013,,N
8950288,9615754-2019-00073,08/30/2019,08/01/2025,M,DEN130013,,N
8948076,3011276938-2019-00036,08/29/2019,08/10/2025,M,K161772,,N
8944355,3010606081-2019-00027,08/29/2019,08/05/2025,M,K150817,,N
8927479,3011276938-2019-00035,08/23/2019,07/25/2025,M,K161772,,N
8907033,9615754-2019-00061,08/19/2019,07/31/2025,M,DEN130013,,N
8906181,9615754-2019-00060,08/19/2019,08/12/2025,M,DEN130013,,N
8905526,3010606081-2019-00026,08/19/2019,08/04/2025,M,K150817,,N
8905362,3010606081-2019-00025,08/19/2019,08/13/2025,M,K150817,,N
8904352,3010606081-2019-00024,08/18/2019,08/14/2025,M,K150817,,N
8902624,3011276938-2019-00034,08/16/2019,07/25/2025,M,K161772,,N
8881730,3010606081-2019-00023,08/11/2019,08/15/2025,M,K150817,,N
8868041,3010606081-2019-00022,08/07/2019,08/11/2025,M,K150817,,N
8861383,9615754-2019-00052,08/05/2019,07/30/2025,M,DEN130013,,N
8861374,9615754-2019-00056,08/05/2019,08/27/2025,M,DEN130013,,N
8861372,9615754-2019-00055,08/05/2019,08/03/2025,M,DEN130013,,N
8861056,9615754-2019-00054,08/05/2019,08/25/2025,M,DEN130013,,N
8857576,9615754-2019-00051,08/02/2019,08/22/2025,M,DEN130013,,N
8857521,9615754-2019-00053,08/02/2019,07/28/2025,M,DEN130013,,N
8846573,9615754-2019-00050,07/31/2019,08/25/2025,M,DEN130013,,N
8844819,3010606081-2019-00021,07/31/2019,08/13/2025,M,K150817,,N
8844807,3010606081-2019-00020,07/31/2019,08/14/2025,M,K150817,,N
8842016,3011276938-2019-00032,07/30/2019,07/24/2025,M,K161772,,N
8834617,3010606081-2019-00019,07/28/2019,08/12/2025,M,K150817,,N
8833614,3011276938-2019-00033,07/26/2019,08/05/2025,M,K161772,,N
8800713,9615754-2019-00049,07/17/2019,08/01/2025,M,DEN130013,,N
8800712,9615754-2019-00048,07/17/2019,07/27/2025,M,DEN130013,,N
8795982,3011276938-2019-00031,07/16/2019,08/27/2025,M,K161772,,N
8795000,3011276938-2019-00028,07/16/2019,07/25/2025,M,K161772,,N
8787526,3010606081-2019-00018,07/14/2019,08/11/2025,M,K150817,,N
8787511,3010606081-2019-00017,07/14/2019,08/15/2025,M,K150817,,N
8786311,3011276938-2019-00029,07/12/2019,08/12/2025,M,K161772,,N
8782335,3011276938-2019-00030,07/11/2019,08/12/2025,M,K161772,,N
8757313,3010606081-2019-00016,07/03/2019,08/11/2025,M,K150817,,N
8746795,9615754-2019-00047,06/30/2019,08/03/2025,M,DEN130013,,N
8737374,3011276938-2019-00027,06/26/2019,08/18/2025,M,K161772,,N
8730824,3010606081-2019-00015,06/25/2019,07/24/2025,M,K150817,,N
8727589,9615754-2019-00046,06/24/2019,07/28/2025,M,DEN130013,,N
8713942,3011276938-2019-00026,06/19/2019,07/25/2025,M,K161772,,N
8706880,3010606081-2019-00014,06/18/2019,08/25/2025,M,K150817,,N
8691477,9610482-2019-00001,06/12/2019,08/07/2025,M,K181685,,N
8689461,3011276938-2019-00025,06/11/2019,08/12/2025,M,K161772,,N
8681287,9615754-2019-00044,06/09/2019,07/28/2025,M,DEN130013,,N
8681286,9615754-2019-00045,06/09/2019,07/31/2025,M,DEN130013,,N
8675719,9615754-2019-00043,06/06/2019,08/01/2025,M,DEN130013,,N
8668355,9615754-2019-00042,06/04/2019,07/27/2025,M,DEN130013,,N
8665731,3010606081-2019-00013,06/04/2019,07/25/2025,M,K150817,,N
8659665,3011276938-2019-00024,05/31/2019,08/14/2025,M,K161772,,N
8655505,3011276938-2019-00023,05/30/2019,07/25/2025,M,K161772,,N
8655250,3011276938-2019-00022,05/30/2019,08/13/2025,M,K161772,,N
8649311,3010606081-2019-00010,05/29/2019,08/11/2025,M,K150817,,N
8644637,3010606081-2019-00012,05/28/2019,08/12/2025,M,K150817,,N
8644292,9615754-2019-00041,05/27/2019,08/01/2025,M,DEN130013,,N
8634667,9615754-2019-00039,05/22/2019,08/10/2025,M,DEN130013,,N
8621618,3011276938-2019-00021,05/17/2019,07/25/2025,M,K161772,,N
8619191,9615754-2019-00038,05/17/2019,08/27/2025,M,DEN130013,,N
8612119,9615754-2019-00037,05/15/2019,07/31/2025,M,DEN130013,,N
8606431,9615754-2019-00036,05/13/2019,07/27/2025,M,DEN130013,,N
8602674,3010606081-2019-00011,05/13/2019,08/11/2025,M,K150817,,N
8596540,9615754-2019-00035,05/09/2019,08/24/2025,M,DEN130013,,N
8593438,3011276938-2019-00020,05/08/2019,07/25/2025,M,K161772,,N
8593363,3011276938-2019-00019,05/08/2019,08/17/2025,M,K161772,,N
8583036,9615754-2019-00034,05/06/2019,07/25/2025,M,DEN130013,,N
8560573,9615754-2019-00033,04/29/2019,08/24/2025,M,DEN130013,,N
8560199,3004977335-2016-48043,04/29/2019,08/18/2025,M,K133259,,N
8554624,3011276938-2019-00018,04/26/2019,08/01/2025,M,K161772,,N
8554566,3011276938-2019-00017,04/26/2019,08/01/2025,M,K161772,,N
8545729,3011276938-2019-00016,04/24/2019,07/25/2025,M,K161772,,N
8544871,9615754-2019-00032,04/24/2019,08/21/2025,M,DEN130013,,N
8544110,9615754-2019-00031,04/24/2019,08/27/2025,M,DEN130013,,N
8543497,3008805841-2019-00002,04/24/2019,07/24/2025,IN,K182616,,N
8540209,9615754-2019-00030,04/23/2019,08/27/2025,M,DEN130013,,N
8539651,9615754-2019-00029,04/23/2019,07/25/2025,M,DEN130013,,N
8539463,9615754-2019-00028,04/23/2019,08/24/2025,M,DEN130013,,N
8528231,9615754-2019-00027,04/18/2019,08/19/2025,M,DEN130013,,N
8524810,9615754-2019-00025,04/17/2019,08/01/2025,M,DEN130013,,N
8524809,9615754-2019-00023,04/17/2019,07/31/2025,M,DEN130013,,N
8524808,9615754-2019-00024,04/17/2019,07/27/2025,M,DEN130013,,N
8524807,9615754-2019-00026,04/17/2019,07/27/2025,M,DEN130013,,N
8524450,9615754-2019-00022,04/17/2019,07/27/2025,M,DEN130013,,N
8513502,3010606081-2019-00009,04/15/2019,08/11/2025,IN,K150817,,N
8508898,3008805841-2019-00001,04/12/2019,08/27/2025,IN,K182616,,N
8500272,3011276938-2019-00015,04/10/2019,08/01/2025,M,K161772,,N
8496772,3011276938-2019-00014,04/09/2019,08/03/2025,M,K161772,,N
8488037,9615754-2019-00021,04/05/2019,07/27/2025,M,DEN130013,,N
8480543,9615754-2019-00020,04/03/2019,08/01/2025,M,DEN130013,,N
8461676,3011276938-2019-00013,03/28/2019,07/25/2025,IN,K161772,,N
8455747,9615754-2019-00019,03/27/2019,07/25/2025,M,DEN130013,,N
8455745,9615754-2019-00018,03/27/2019,07/25/2025,M,DEN130013,,N
8454202,3011276938-2019-00012,03/26/2019,07/27/2025,M,K161772,,N
8454028,3011276938-2019-00011,03/26/2019,07/25/2025,M,K161772,,N
8444002,9615754-2019-00017,03/22/2019,07/27/2025,M,DEN130013,,N
8441843,3011276938-2019-00010,03/21/2019,07/25/2025,M,K161772,,N
8424480,3011276938-2019-00009,03/15/2019,08/18/2025,M,K161772,,N
8411449,3010606081-2019-00008,03/12/2019,07/25/2025,IN,K150817,,N
8402391,9615754-2019-00016,03/07/2019,08/18/2025,M,DEN130013,,N
8402371,9615754-2019-00015,03/07/2019,08/01/2025,M,DEN130013,,N
8389341,3010606081-2019-00007,03/05/2019,08/14/2025,IN,K150817,,N
8389338,3010606081-2019-00006,03/05/2019,08/14/2025,D,K150817,,N
8373384,3010606081-2019-00005,02/27/2019,07/25/2025,IN,K150817,,N
8367282,3011276938-2019-00008,02/25/2019,08/12/2025,M,K161772,,N
8362206,9615754-2019-00013,02/22/2019,08/11/2025,M,DEN130013,,N
8356453,3007208829-2019-00009,02/20/2019,08/26/2025,M,K181502,,N
8355750,9615754-2019-00014,02/20/2019,08/12/2025,M,DEN130013,,N
8355013,9615754-2019-00012,02/20/2019,08/17/2025,M,DEN130013,,N
8350972,9615754-2019-00011,02/19/2019,07/27/2025,M,DEN130013,,N
8338712,3010606081-2019-00004,02/14/2019,08/14/2025,IN,K150817,,N
8338414,3010606081-2019-00003,02/14/2019,08/27/2025,IN,K150817,,N
8337215,9615754-2019-00009,02/13/2019,07/27/2025,M,DEN130013,,N
8314084,3010606081-2019-00002,02/07/2019,08/26/2025,IN,K150817,,N
8313234,3011276938-2019-00007,02/06/2019,08/18/2025,M,K161772,,N
8305942,9615754-2019-00008,02/05/2019,07/27/2025,M,DEN130013,,N
8305717,9615754-2019-00007,02/05/2019,08/12/2025,M,DEN130013,,N
8300458,3010606081-2019-00001,02/03/2019,08/14/2025,IN,K150817,,N
8283552,3011276938-2019-00006,01/28/2019,08/06/2025,M,K161772,,N
8269831,3010606081-2018-00025,01/23/2019,08/11/2025,IN,K150817,,N
8269286,3011276938-2019-00005,01/22/2019,08/27/2025,IN,K161772,,N
8261983,3011276938-2019-00004,01/18/2019,08/15/2025,M,K161772,,N
8261978,3011276938-2019-00003,01/18/2019,08/18/2025,M,K161772,,N
8261961,3011276938-2019-00002,01/18/2019,08/17/2025,M,K161772,,N
8258282,9615754-2019-00005,01/17/2019,07/28/2025,IN,DEN130013,,N
8254494,9615754-2019-00004,01/16/2019,08/11/2025,M,DEN130013,,N
8248673,9615754-2019-00002,01/15/2019,07/27/2025,M,DEN130013,,N
8243013,3010606081-2018-00026,01/13/2019,08/11/2025,IN,K150817,,N
8236790,3011276938-2019-00001,01/10/2019,08/26/2025,M,K161772,,N
8227818,9615754-2019-00001,01/08/2019,07/27/2025,M,DEN130013,,N
8207335,3010606081-2018-00024,01/01/2019,08/08/2025,IN,K150817,,N
8193108,3010606081-2018-00022,12/23/2018,08/04/2025,D,K150817,,N
8193107,3010606081-2018-00023,12/23/2018,08/12/2025,IN,K150817,,N
8193106,3010606081-2018-00021,12/23/2018,08/13/2025,IN,K150817,,N
8176344,3011276938-2018-00012,12/18/2018,07/25/2025,M,K161772,,N
8175753,3011276938-2018-00011,12/18/2018,08/11/2025,M,K161772,,N
8175617,3011276938-2018-00010,12/18/2018,08/05/2025,M,K161772,,N
8170943,3002769706-2018-00253,12/17/2018,07/27/2025,M,DEN130013,,N
8136708,3010606081-2018-00020,12/06/2018,08/13/2025,IN,K150817,,N
8110773,3002769706-2018-00247,11/28/2018,07/27/2025,M,DEN130013,,N
8108640,3011276938-2018-00009,11/27/2018,08/11/2025,M,K161772,,N
8108491,3002769706-2018-00246,11/27/2018,08/01/2025,M,DEN130013,,N
8089407,3010606081-2018-00019,11/20/2018,08/13/2025,IN,K150817,,N
8086790,3002769706-2018-00241,11/19/2018,07/27/2025,M,DEN130013,,N
8084649,3002769706-2018-00239,11/19/2018,08/11/2025,M,DEN130013,,N
8083832,3011276938-2018-00008,11/19/2018,08/19/2025,M,K161772,,N
8059618,3010606081-2018-00018,11/12/2018,07/25/2025,IN,K150817,,N
8047034,3002769706-2018-00233,11/07/2018,08/05/2025,M,DEN130013,,N
8037955,3002769706-2018-00230,11/05/2018,07/28/2025,M,DEN130013,,N
8037639,3002769706-2018-00232,11/05/2018,07/25/2025,M,DEN130013,,N
8030198,3011276938-2018-00007,11/01/2018,08/19/2025,M,K161772,,N
8027881,3010606081-2018-00017,11/01/2018,08/27/2025,IN,K150817,,N
8027846,3010606081-2018-00016,11/01/2018,08/04/2025,IN,K150817,,N
8004786,3002769706-2018-00223,10/25/2018,08/01/2025,M,DEN130013,,N
8004784,3011276938-2018-00006,10/25/2018,08/15/2025,M,K161772,,N
7998399,3010606081-2018-00015,10/24/2018,08/19/2025,IN,K150817,,N
7991227,3002769706-2018-00219,10/22/2018,07/28/2025,M,DEN130013,,N
7985121,3002769706-2018-00217,10/19/2018,08/24/2025,M,DEN130013,,N
7975292,3002769706-2018-00216,10/17/2018,07/27/2025,M,DEN130013,,N
7960757,3002769706-2018-00210,10/12/2018,07/27/2025,M,DEN130013,,N
7953573,3002769706-2018-00207,10/10/2018,08/03/2025,M,DEN130013,,N
7938268,3002769706-2018-00196,10/05/2018,08/11/2025,M,DEN130013,,N
7938214,3002769706-2018-00195,10/05/2018,07/25/2025,M,DEN130013,,N
7932395,3002769706-2018-00194,10/03/2018,08/01/2025,M,DEN130013,,N
7931652,3002769706-2018-00193,10/03/2018,07/31/2025,M,DEN130013,,N
7917722,3010606081-2018-00014,09/28/2018,08/13/2025,IN,K150817,,N
7915003,3002769706-2018-00188,09/27/2018,07/28/2025,M,DEN130013,,N
7866155,3011276938-2018-00005,09/11/2018,08/10/2025,M,K161772,,N
7865615,3002769706-2018-00175,09/11/2018,07/28/2025,M,DEN130013,,N
7849665,3010606081-2018-00013,09/06/2018,08/17/2025,IN,K150817,,N
7841754,3010606081-2018-00012,09/04/2018,08/12/2025,IN,K150817,,N
7841702,3010606081-2018-00011,09/04/2018,08/12/2025,IN,K150817,,N
7828203,3002769706-2018-00173,08/29/2018,07/27/2025,M,DEN130013,,N
7827374,3002769706-2018-00172,08/29/2018,07/28/2025,M,DEN130013,,N
7827370,3002769706-2018-00171,08/29/2018,07/27/2025,M,DEN130013,,N
7819397,3002769706-2018-00170,08/27/2018,08/01/2025,M,DEN130013,,N
7818868,3002769706-2018-00169,08/27/2018,07/27/2025,M,DEN130013,,N
7812607,3002769706-2018-00161,08/24/2018,08/20/2025,M,DEN130013,,N
7809340,3002769706-2018-00156,08/23/2018,07/24/2025,M,DEN130013,,N
7767638,3002769706-2018-00136,08/09/2018,08/12/2025,M,DEN130013,,N
7734873,3002769706-2018-00119,07/31/2018,07/27/2025,M,DEN130013,,N
7717612,3010606081-2018-00010,07/25/2018,08/13/2025,IN,K150817,,N
7713611,3010606081-2018-00009,07/24/2018,08/15/2025,IN,K150817,,N
7703692,3002769706-2018-00112,07/19/2018,07/28/2025,M,DEN130013,,N
7703303,3002769706-2018-00109,07/19/2018,07/28/2025,M,DEN130013,,N
7698500,3002769706-2018-00108,07/18/2018,07/27/2025,M,DEN130013,,N
7655163,3002769706-2018-00094,07/02/2018,08/19/2025,M,DEN130013,,N
7653980,3010606081-2018-00008,07/01/2018,08/04/2025,IN,K150817,,N
7652425,3011276938-2018-00004,06/29/2018,08/08/2025,M,K161772,,N
7630459,3002769706-2018-00088,06/22/2018,08/05/2025,M,DEN130013,,N
7621958,3002769706-2018-00087,06/20/2018,08/17/2025,M,DEN130013,,N
7576832,3010606081-2018-00007,06/07/2018,07/25/2025,IN,K150817,,N
7569455,3002769706-2018-00074,06/05/2018,08/12/2025,M,DEN130013,,N
7559146,3011276938-2018-00003,05/31/2018,08/13/2025,M,K161772,,N
7553352,3002769706-2018-00072,05/30/2018,08/24/2025,M,DEN130013,,N
7537529,3002769706-2018-00069,05/23/2018,08/05/2025,M,DEN130013,,N
7535606,3011276938-2018-00002,05/22/2018,08/03/2025,M,K161772,,N
7515922,3011276938-2018-00001,05/15/2018,07/25/2025,M,K161772,,N
7511854,3010606081-2018-00006,05/14/2018,07/25/2025,IN,K150817,,N
7480890,3002769706-2018-00063,05/02/2018,08/10/2025,M,DEN130013,,N
7478756,3010606081-2018-00005,05/02/2018,08/25/2025,IN,K150817,,N
7464707,3002769706-2018-00059,04/26/2018,07/25/2025,M,DEN130013,,N
7462870,3002769706-2018-00058,04/25/2018,07/28/2025,M,DEN130013,,N
7452437,3002769706-2018-00057,04/23/2018,08/08/2025,M,DEN130013,,N
7451708,3002769706-2018-00056,04/23/2018,08/26/2025,M,DEN130013,,N
7424970,3010606081-2018-00004,04/12/2018,08/13/2025,IN,K150817,,N
7396618,3002769706-2018-00052,04/04/2018,07/27/2025,M,DEN130013,,N
7396612,3002769706-2018-00053,04/04/2018,08/01/2025,M,DEN130013,,N
7383874,3004637226-2018-00002,03/29/2018,08/18/2025,IN,K161834,,N
7358798,3002769706-2018-00045,03/21/2018,07/27/2025,M,DEN130013,,N
7349000,3010606081-2018-00003,03/19/2018,08/14/2025,IN,K150817,,N
7345767,3002769706-2018-00041,03/16/2018,08/04/2025,M,DEN130013,,N
7341369,3002769706-2018-00037,03/15/2018,08/15/2025,M,DEN130013,,N
7335375,3002769706-2018-00039,03/13/2018,08/13/2025,M,DEN130013,,N
7335101,3002769706-2018-00038,03/13/2018,07/27/2025,M,DEN130013,,N
7327516,3002769706-2018-00031,03/09/2018,08/18/2025,M,DEN130013,,N
7326793,3002769706-2018-00034,03/09/2018,07/28/2025,M,DEN130013,,N
7319379,3002769706-2018-00027,03/06/2018,07/27/2025,M,DEN130013,,N
7319378,3002769706-2018-00029,03/06/2018,07/25/2025,M,DEN130013,,N
7319377,3002769706-2018-00028,03/06/2018,07/27/2025,M,DEN130013,,N
7312280,3010606081-2018-00002,03/04/2018,08/11/2025,IN,K150817,,N
7312279,3010606081-2018-00001,03/04/2018,08/24/2025,IN,K150817,,N
7304445,3002769706-2018-00024,02/28/2018,07/27/2025,M,DEN130013,,N
7304196,3002769706-2018-00019,02/28/2018,07/27/2025,M,DEN130013,,N
7273037,3002769706-2018-00015,02/15/2018,07/27/2025,M,DEN130013,,N
7244683,3002769706-2018-00013,02/06/2018,08/18/2025,M,DEN130013,,N
7236996,3002769706-2018-00012,02/02/2018,08/13/2025,M,DEN130013,,N
7231638,3002769706-2018-00011,01/31/2018,08/14/2025,M,DEN130013,,N
7182640,3002769706-2018-00007,01/11/2018,07/28/2025,M,DEN130013,,N
7176515,3002769706-2018-00006,01/09/2018,08/08/2025,M,DEN130013,,N
7157886,3002769706-2018-00001,01/02/2018,08/08/2025,M,DEN130013,,N
7148834,3002769706-2017-00411,12/27/2017,08/08/2025,M,DEN130013,,N
7148817,3002769706-2017-00410,12/27/2017,08/07/2025,M,DEN130013,,N
7138923,3002769706-2017-00408,12/21/2017,08/21/2025,M,DEN130013,,N
7123827,3011276938-2017-00004,12/15/2017,08/05/2025,M,K161772,,N
7110236,3002769706-2017-00402,12/12/2017,07/25/2025,M,DEN130013,,N
7103786,3002769706-2017-00400,12/11/2017,08/08/2025,M,DEN130013,,N
7102595,3011276938-2017-00003,12/10/2017,08/27/2025,M,K161772,,N
7086019,3002769706-2017-00395,12/06/2017,08/01/2025,M,DEN130013,,N
7084359,3002769706-2017-00396,12/05/2017,08/01/2025,M,DEN130013,,N
7083219,3002769706-2017-00394,12/05/2017,08/11/2025,M,DEN130013,,N
7064347,3002769706-2017-00385,11/28/2017,08/08/2025,M,DEN130013,,N
7060947,3002769706-2017-00384,11/27/2017,08/04/2025,M,DEN130013,,N
7053768,3002769706-2017-00382,11/22/2017,07/27/2025,M,DEN130013,,N
7047115,3002769706-2017-00381,11/20/2017,07/24/2025,M,DEN130013,,N
7045833,3002769706-2017-00376,11/20/2017,07/28/2025,M,DEN130013,,N
7044899,1061932-2017-00019,11/20/2017,08/15/2025,IN,K120771,,N
7041269,3004637226-2017-00013,11/17/2017,08/13/2025,IN,K161834,,N
7029916,3011276938-2017-00002,11/14/2017,08/13/2025,M,K161772,,N
7028917,3002769706-2017-00366,11/14/2017,08/27/2025,M,DEN130013,,N
7011159,3002769706-2017-00338,11/08/2017,08/27/2025,M,DEN130013,,N
6993238,3002769706-2017-00325,11/01/2017,08/08/2025,M,DEN130013,,N
6993237,3002769706-2017-00324,11/01/2017,08/07/2025,M,DEN130013,,N
6987723,3002769706-2017-00323,10/30/2017,08/08/2025,M,DEN130013,,N
6984439,3002769706-2017-00321,10/27/2017,08/15/2025,M,DEN130013,,N
6981056,3002769706-2017-00317,10/26/2017,08/08/2025,M,DEN130013,,N
6981048,3002769706-2017-00315,10/26/2017,08/08/2025,M,DEN130013,,N
6952295,3002769706-2017-00304,10/16/2017,08/04/2025,M,DEN130013,,N
6946295,3002769706-2017-00297,10/12/2017,08/08/2025,M,DEN130013,,N
6937285,3002769706-2017-00295,10/10/2017,08/14/2025,M,DEN130013,,N
6936092,3002769706-2017-00294,10/10/2017,08/19/2025,M,DEN130013,,N
6926187,3002769706-2017-00292,10/07/2017,08/15/2025,M,DEN130013,,N
6875125,3002769706-2017-00285,09/19/2017,08/11/2025,M,DEN130013,,N
6866448,3002769706-2017-00278,09/14/2017,08/15/2025,M,DEN130013,,N
6862684,3002769706-2017-00280,09/13/2017,08/06/2025,M,DEN130013,,N
6837924,3002769706-2017-00266,09/01/2017,08/01/2025,M,DEN130013,,N
6833794,3002769706-2017-00261,08/31/2017,08/08/2025,M,DEN130013,,N
6789062,3002769706-2017-00243,08/11/2017,07/24/2025,M,DEN130013,,N
6784846,3002769706-2017-00244,08/10/2017,08/11/2025,M,DEN130013,,N
6777168,3002769706-2017-00238,08/09/2017,08/13/2025,M,DEN130013,,N
6776778,3002769706-2017-00235,08/09/2017,08/26/2025,M,DEN130013,,N
6768074,3002769706-2017-00224,08/04/2017,08/22/2025,M,DEN130013,,N
6765394,3002769706-2017-00222,08/03/2017,08/01/2025,M,DEN130013,,N
6764787,3002769706-2017-00225,08/03/2017,08/12/2025,M,DEN130013,,N
6764783,3002769706-2017-00227,08/03/2017,08/12/2025,M,DEN130013,,N
6764759,3002769706-2017-00226,08/03/2017,08/18/2025,M,DEN130013,,N
6764749,3002769706-2017-00229,08/03/2017,08/05/2025,M,DEN130013,,N
6764747,3002769706-2017-00228,08/03/2017,08/11/2025,M,DEN130013,,N
6750295,3002769706-2017-00216,07/28/2017,08/11/2025,M,DEN130013,,N
6745384,3002769706-2017-00207,07/26/2017,08/18/2025,M,DEN130013,,N
6737176,3002769706-2017-00195,07/24/2017,08/10/2025,M,DEN130013,,N
6725413,3002769706-2017-00198,07/19/2017,08/26/2025,M,DEN130013,,N
6725408,3002769706-2017-00197,07/19/2017,08/17/2025,M,DEN130013,,N
6722729,3002769706-2017-00191,07/18/2017,08/10/2025,M,DEN130013,,N
6717331,3002769706-2017-00188,07/17/2017,07/24/2025,M,DEN130013,,N
6714338,3002769706-2017-00189,07/14/2017,08/13/2025,M,DEN130013,,N
6708824,3002769706-2017-00187,07/12/2017,08/27/2025,M,DEN130013,,N
6703570,3002769706-2017-00179,07/11/2017,08/24/2025,M,DEN130013,,N
6702264,3002769706-2017-00162,07/11/2017,08/14/2025,M,DEN130013,,N
6677538,3002769706-2017-00152,06/29/2017,08/11/2025,M,DEN130013,,N
6675278,3002769706-2017-00151,06/28/2017,08/13/2025,IN,DEN130013,,N
6665984,3010606081-2017-00002,06/25/2017,08/06/2025,IN,K150817,,N
6665983,3010606081-2017-00003,06/25/2017,08/27/2025,IN,K150817,,N
6665982,3010606081-2017-00001,06/25/2017,07/25/2025,M,K150817,,N
6653215,3002769706-2017-00139,06/20/2017,07/25/2025,M,DEN130013,,N
6611182,3002769706-2017-00177,06/05/2017,08/04/2025,M,DEN130013,,N
6589668,3011276938-2017-00001,05/24/2017,08/15/2025,M,K161772,,N
6524102,3002769706-2017-00080,04/26/2017,08/14/2025,M,DEN130013,,N
6427191,3002769706-2017-00053,03/23/2017,08/04/2025,M,DEN130013,,N
6380712,3002769706-2017-00046,03/06/2017,08/26/2025,M,DEN130013,,N
6380175,3002769706-2017-00045,03/06/2017,08/14/2025,M,DEN130013,,N
6156581,1061932-2016-00983,12/08/2016,08/15/2025,M,K120771,,N
5230181,1061932-2015-01726,11/17/2015,08/14/2025,M,K120771,,N
4578772,1061932-2015-00393,03/06/2015,08/05/2025,M,K120771,,N
4576189,1061932-2015-00352,03/06/2015,08/17/2025,M,K120771,,N
4571059,1061932-2015-00348,03/04/2015,08/25/2025,M,K120771,,N
4570935,1061932-2015-00343,03/04/2015,08/18/2025,M,K120771,,N
4570874,1061932-2015-00346,03/04/2015,08/11/2025,M,K120771,,N
4560797,1061932-2015-00358,03/02/2015,08/13/2025,M,K120771,,N
4517313,2240869-2015-00429,02/11/2015,08/10/2025,M,K133259,,N
4460244,1061932-2015-00132,01/28/2015,08/14/2025,M,K120771,,N
4460243,1061932-2015-00133,01/28/2015,08/11/2025,M,K120771,,N
4443373,1061932-2015-00098,01/22/2015,08/19/2025,M,K120771,,N
4439449,1061932-2015-00121,01/21/2015,08/24/2025,M,K120771,,N
4439433,1061932-2015-00091,01/21/2015,08/04/2025,M,K120771,,N
4428793,1061932-2015-00093,01/16/2015,07/25/2025,M,K120771,,N
4378017,1061932-2015-00004,01/02/2015,08/15/2025,M,K120771,,N
4378016,1061932-2015-00003,01/02/2015,08/04/2025,M,K120771,,N
4348621,1061932-2014-02997,12/19/2014,08/18/2025,M,K120771,,N
4348417,1061932-2014-03055,12/19/2014,08/12/2025,M,K120771,,N
4344094,1061932-2014-03067,12/18/2014,08/25/2025,M,K120771,,N
4335089,1061932-2014-02996,12/16/2014,08/08/2025,M,K120771,,N
4331033,1061932-2014-03038,12/15/2014,08/18/2025,M,K120771,,N
4292518,1061932-2014-02934,12/02/2014,08/13/2025,M,K120771,,N
4284612,1061932-2014-02881,11/29/2014,08/18/2025,M,K120771,,N
4280231,1061932-2014-02923,11/26/2014,08/12/2025,M,K120771,,N
4249120,1061932-2014-02800,11/13/2014,08/12/2025,M,K120771,,N
4215622,1061932-2014-02723,10/30/2014,08/12/2025,M,K120771,,N
4182646,1061932-2014-02641,10/17/2014,08/18/2025,M,K120771,,N
4167714,1061932-2014-02577,10/13/2014,08/13/2025,M,K120771,,N
4153318,1061932-2014-02558,10/08/2014,08/12/2025,M,K120771,,N
4128861,1061932-2014-02506,09/30/2014,08/17/2025,M,K120771,,N
4111738,1061932-2014-02403,09/23/2014,08/12/2025,M,K120771,,N
4101898,1061932-2014-02326,09/19/2014,08/05/2025,M,K120771,,N
4082567,1061932-2014-02261,09/11/2014,08/13/2025,M,K120771,,N
4065776,1061932-2014-02243,09/05/2014,08/04/2025,M,K120771,,N
4065775,1061932-2014-02246,09/05/2014,08/15/2025,M,K120771,,N
4061782,1061932-2014-02236,09/04/2014,08/22/2025,M,K120771,,N
4061779,1061932-2014-02230,09/04/2014,08/15/2025,M,K120771,,N
4056857,1061932-2014-01941,09/03/2014,08/08/2025,M,K120771,,N
4052796,1061932-2014-02166,09/02/2014,08/15/2025,M,K120771,,N
4050219,1061932-2014-02052,08/31/2014,08/27/2025,M,K120771,,N
4049869,1061932-2014-02167,08/30/2014,08/14/2025,M,K120771,,N
4049707,1061932-2014-02065,08/30/2014,08/10/2025,M,K120771,,N
4048795,1061932-2014-02042,08/29/2014,07/24/2025,M,K120771,,N
4042846,1061932-2014-02119,08/27/2014,08/14/2025,M,K120771,,N
4039422,1061932-2014-02054,08/27/2014,07/25/2025,M,K120771,,N
4021663,1061932-2014-01948,08/19/2014,08/08/2025,M,K120771,,N
4021662,1061932-2014-01947,08/19/2014,08/14/2025,M,K120771,,N
4017638,1061932-2014-01993,08/18/2014,08/13/2025,M,K120771,,N
4000237,1061932-2014-01916,08/11/2014,08/13/2025,M,K120771,,N
4000236,1061932-2014-01917,08/11/2014,08/13/2025,M,K120771,,N
3982216,1061932-2014-01873,08/05/2014,08/18/2025,M,K120771,,N
3978403,1061932-2014-01750,08/04/2014,08/18/2025,M,K120771,,N
3978059,1061932-2014-01870,08/04/2014,08/10/2025,M,K120771,,N
3977850,1061932-2014-01819,08/04/2014,08/27/2025,M,K120771,,N
3973963,1061932-2014-01746,08/01/2014,07/24/2025,M,K120771,,N
3962083,1061932-2014-01752,07/28/2014,08/14/2025,M,K120771,,N
3945176,1061932-2014-01650,07/18/2014,08/08/2025,M,K120771,,N
3945171,1061932-2014-01649,07/18/2014,08/08/2025,M,K120771,,N
3942649,1061932-2014-01647,07/17/2014,08/13/2025,M,K120771,,N
3939509,1061932-2014-01611,07/16/2014,08/12/2025,M,K120771,,N
3933014,1061932-2014-01654,07/14/2014,08/15/2025,M,K120771,,N
3917453,1061932-2014-01547,07/07/2014,08/22/2025,M,K120771,,N
3885231,1061932-2014-01400,06/19/2014,08/11/2025,M,K120771,,N
3875386,1061932-2014-01315,06/16/2014,08/12/2025,M,K120771,,N
3844200,1061932-2014-01231,06/02/2014,08/12/2025,M,K120771,,N
3837109,1061932-2014-01178,05/28/2014,08/15/2025,M,K120771,,N
3831307,1061932-2014-01169,05/24/2014,08/17/2025,M,K120771,,N
3791579,1061932-2014-01008,05/06/2014,07/25/2025,M,K120771,,N
3789514,1061932-2014-01021,05/05/2014,08/11/2025,M,K120771,,N
3752526,1061932-2014-00853,04/15/2014,08/05/2025,M,K120771,,N
3698653,1061932-2014-00680,03/25/2014,08/18/2025,M,K120771,,N
3691483,1061932-2014-00617,03/20/2014,08/15/2025,M,K120771,,N
3686565,1061932-2014-00598,03/18/2014,08/06/2025,M,K120771,,N
3656594,1061932-2014-00493,03/04/2014,08/14/2025,M,K120771,,N
3654770,1061932-2014-00470,03/03/2014,08/24/2025,M,K120771,,N
3602731,1061932-2014-00261,01/31/2014,08/08/2025,M,K120771,,N
3602692,1061932-2014-00234,01/31/2014,08/12/2025,M,K120771,,N
3546282,1061932-2013-02967,01/02/2014,08/11/2025,M,K120771,,N
3545701,1061932-2013-02991,12/31/2013,08/06/2025,M,K120771,,N
3433687,1061932-2013-02314,10/28/2013,08/08/2025,M,K120771,,N
