udi_di,n_reports,idnumbers_in_source_study,resolved,http_status,brand_name,version_or_model,catalog_number,company_name,submission_numbers,supplement_numbers,submission_matches_source_study,product_codes,regulation_number,device_class,pi_lot_batch,pi_serial,pi_manufacturing_date,pi_expiration_date,device_record_status,public_version_number,public_version_date,device_publish_date,lookup_date,n,master_pma_pmn,gudid_matches_master
03573026359119,250,DEN130013,Y,200,VITEK® MS,410895,,BIOMERIEUX SA,DEN130013,000,Y,PEX,866.3361,2,False,True,False,False,Published,4,2024-04-29T00:00:00.000Z,2016-11-09T00:00:00.000Z,2026-09-02,250,DEN130013,Y
00853341006015,90,K161772,Y,200,FFRct,v2.1,,"Heartflow, Inc.",K161772,000,Y,PJA,870.1415,2,True,True,True,False,Published,6,2022-12-21T00:00:00.000Z,2016-12-06T00:00:00.000Z,2026-09-02,90,K161772,Y
00869770000210,27,K181502;K222389,Y,200,ZIO AT Patch,A100A100X,,"IRHYTHM TECHNOLOGIES, INC.",,,no_submission_in_gudid,DQK;DSI;DXH;DSH;QYX,870.1425,2,False,True,True,True,Published,4,2026-03-25T00:00:00.000Z,2019-04-23T00:00:00.000Z,2026-09-02,27,K163512;K181502;K222389,no_submission_in_gudid
00884838105508,12,K212441,Y,200,Incisive CT,Incisive CT,728144,"Philips Healthcare (Suzhou) Co., Ltd.",,,no_submission_in_gudid,JAK,892.1750,2,False,True,False,False,Published,5,2025-07-04T00:00:00.000Z,2021-12-30T00:00:00.000Z,2026-09-02,12,K212441,no_submission_in_gudid
00853341006060,7,K213857,Y,200,HeartFlow Analysis,FFRct version 3,,"Heartflow, Inc.",K213857,000,Y,LLZ;PJA,892.2050,2,True,True,True,False,Published,1,2022-12-29T00:00:00.000Z,2022-12-21T00:00:00.000Z,2026-09-02,7,K213857,Y
00887517990792,6,K180038,Y,200,PULSE,1881500,,"Nuvasive, Inc.",K180038,000,Y,HAW;GWF;ETN;IKN;LLZ;OLO;JAA;PDQ;OWB,882.4560,2,True,True,False,False,Published,3,2025-06-11T00:00:00.000Z,2019-07-10T00:00:00.000Z,2026-09-02,6,K180038,Y
00690103200942,4,K183646,Y,200,Acumen IQ,AIQS85,AIQS85,Edwards Lifesciences LLC,K152980,000,N,DRS,870.2850,2,True,False,True,True,Published,1,2019-02-04T00:00:00.000Z,2019-01-04T00:00:00.000Z,2026-09-02,4,K183646,N
00842000100805,3,K192455,Y,200,Merge PACS,8.1,,MERGE HEALTHCARE SOLUTIONS INC.,K192455,000,Y,LLZ,892.2050,2,True,False,True,False,Published,1,2019-12-05T00:00:00.000Z,2019-11-27T00:00:00.000Z,2026-09-02,3,K192455,Y
00853341006039,3,K203329,Y,200,HeartFlow Analysis,FFRct version 2,,"Heartflow, Inc.",K190925,000,N,PJA,870.1415,2,True,True,True,False,Published,3,2022-12-21T00:00:00.000Z,2020-04-08T00:00:00.000Z,2026-09-02,3,K203329,N
00888867265813,3,K183268,Y,200,Arthrex®,AR-5207,AR-5207,"ARTHREX, INC.",,,no_submission_in_gudid,HWC,888.3040,2,True,False,False,True,Published,4,2020-08-05T00:00:00.000Z,2019-06-07T00:00:00.000Z,2026-09-02,3,K183268,no_submission_in_gudid
04056869006697,3,K221733;K231560,Y,200,MAGNETOM Aera,10432914,,Siemens Healthcare GmbH,K111242;K132951;K133435;K140253;K141977;K142515;K153343;K163312;K173592;K182299;K190138;K191050;K202014;K231560,000;000;000;000;000;000;000;000;000;000;000;000;000;000,Y,LNH;MOS;LNI,892.1000,2,False,True,False,False,Published,10,2026-01-15T00:00:00.000Z,2016-09-24T00:00:00.000Z,2026-09-02,3,K221733;K231560,Y
04056869230740,3,K220939,Y,200,MAGNETOM Lumina,11344916,,Siemens Healthcare GmbH,,,no_submission_in_gudid,LNH;MOS;LNI,892.1000,2,False,True,False,False,Published,5,2022-05-05T00:00:00.000Z,2019-02-11T00:00:00.000Z,2026-09-02,3,K220939,no_submission_in_gudid
07290017652085,3,K183593,Y,200,LungVision System,Core,LV1055002,BODY VISION MEDICAL LTD,,,no_submission_in_gudid,LLZ,892.2050,2,False,True,True,False,Published,2,2022-05-27T00:00:00.000Z,2021-04-13T00:00:00.000Z,2026-09-02,3,K183593,no_submission_in_gudid
00814932020001,2,K193087,Y,200,UroLift,UL400-4,UL400-4,"NEOTRACT, INC.",,,no_submission_in_gudid,PEW,876.5530,2,True,False,False,True,Published,3,2018-09-26T00:00:00.000Z,2015-09-14T00:00:00.000Z,2026-09-02,2,K193087,no_submission_in_gudid
00850043907046,2,K222389,Y,200,Zio ECG Utilization Software (ZEUS) System,FG0401US,,"IRHYTHM TECHNOLOGIES, INC.",K202527;K222389,000;000,Y,DQK;DXH;DSI,870.1425,2,False,False,False,False,Published,3,2025-11-20T00:00:00.000Z,2024-07-26T00:00:00.000Z,2026-09-02,2,K222389,Y
00856128007007,2,K171056,Y,200,WAVE Clinical Platform,NG,,EXCEL MEDICAL ELECTRONICS LLC,K171056,000,Y,MWI,870.2300,2,True,False,False,False,Published,4,2018-11-08T00:00:00.000Z,2018-01-29T00:00:00.000Z,2026-09-02,2,K171056,Y
00884838104112,2,K223442,Y,200,MR 7000 Series,MR 7700,782120,Philips Medical Systems Nederland B.V.,,,no_submission_in_gudid,LNH;LNI,892.1000,2,False,True,False,False,Published,7,2026-03-17T00:00:00.000Z,2022-04-08T00:00:00.000Z,2026-09-02,2,K223442,no_submission_in_gudid
04056869230719,2,K203443;K221733,Y,200,MAGNETOM Altea,11344915,,Siemens Healthcare GmbH,,,no_submission_in_gudid,LNH;LNI;MOS,892.1000,2,False,True,False,False,Published,6,2025-11-24T00:00:00.000Z,2020-03-04T00:00:00.000Z,2026-09-02,2,K203443;K221733,no_submission_in_gudid
50690103200947,2,K183646,Y,200,Acumen IQ,AIQS85,AIQS85,Edwards Lifesciences LLC,K152980,000,N,DRS,870.2850,2,True,False,True,True,Published,1,2019-02-04T00:00:00.000Z,2019-01-04T00:00:00.000Z,2026-09-02,2,K183646,N
00183739000678,1,K210458,Y,200,ILUMIEN™,C408650,C408650,"LIGHTLAB IMAGING, INC.",,,no_submission_in_gudid,NQQ,892.1560,2,False,True,True,False,Published,4,2020-11-16T00:00:00.000Z,2016-03-23T00:00:00.000Z,2026-09-02,1,K210458,no_submission_in_gudid
00842000100409,1,K192455,Y,200,Merge PACS,7.2,,MERGE HEALTHCARE SOLUTIONS INC.,K082144,000,N,LLZ,892.2050,2,True,False,True,False,Published,4,2026-08-05T00:00:00.000Z,2017-10-25T00:00:00.000Z,2026-09-02,1,K192455,N
00842000100737,1,K192455,Y,200,Merge PACS ,8.0,,MERGE HEALTHCARE SOLUTIONS INC.,,,no_submission_in_gudid,LLZ,892.2050,2,True,False,True,False,Published,2,2019-05-09T00:00:00.000Z,2018-11-15T00:00:00.000Z,2026-09-02,1,K192455,no_submission_in_gudid
00842000100935,1,K192455,Y,200,Merge PACS,8.2,,MERGE HEALTHCARE SOLUTIONS INC.,,,no_submission_in_gudid,LLZ,892.2050,2,True,False,True,False,Published,1,2021-09-29T00:00:00.000Z,2021-09-21T00:00:00.000Z,2026-09-02,1,K192455,no_submission_in_gudid
00853341006053,1,K213857,Y,200,HeartFlow Analysis,FFRct version 3,,"Heartflow, Inc.",K203329,000,N,PJA,870.1415,2,True,True,True,False,Published,3,2022-12-21T00:00:00.000Z,2021-06-08T00:00:00.000Z,2026-09-02,1,K213857,N
00859509006019,1,K161834,Y,200,One Drop,8000-10465,,INFORMED DATA SYSTEMS INC.,,,no_submission_in_gudid,NBW,862.1345,2,False,True,False,False,Published,4,2018-12-03T00:00:00.000Z,2017-04-07T00:00:00.000Z,2026-09-02,1,K161834,no_submission_in_gudid
00859591006065,1,K182616,Y,200,NvisionVLE Marking Probe 17mm,95301-M-17,95301-M-17,"NINEPOINT MEDICAL, INC.",K153479,000,N,NQQ,892.1560,2,True,False,False,True,Published,3,2018-07-06T00:00:00.000Z,2016-09-22T00:00:00.000Z,2026-09-02,1,K182616,N
00862011000369,1,K192665,Y,200,Accelerate PhenoTest® BC kit ,10102018,,"ACCELERATE DIAGNOSTICS, INC.",DEN160032,000,N,PRH,866.1650,2,True,True,True,True,Published,2,2020-12-21T00:00:00.000Z,2020-07-15T00:00:00.000Z,2026-09-02,1,K192665,N
00887517994127,1,K180038,Y,200,PULSE,5050130,,"Nuvasive, Inc.",K180038,000,Y,ETN;JAA;GWF;HAW;PDQ;OLO;OWB;IKN;LLZ,874.1820,2,True,False,False,False,Published,3,2025-06-11T00:00:00.000Z,2019-08-23T00:00:00.000Z,2026-09-02,1,K180038,Y
04056481132422,1,K223288,Y,200,Navigation SW Cranial EM,1.1,22240-06B,Brainlab SE,K092467;K213989;K223288,000;000;000,Y,HAW,882.4560,2,True,False,False,False,Published,11,2026-03-19T00:00:00.000Z,2017-08-09T00:00:00.000Z,2026-09-02,1,K223288,Y
04056869006659,1,K220151,Y,200,MAGNETOM Avanto,10849579,,Siemens Healthcare GmbH,K130885;K151579;K162102;K181613;K190757;K232494,000;000;000;000;000;000,N,LNH;MOS;LNI,892.1000,2,False,True,False,False,Published,8,2026-01-15T00:00:00.000Z,2016-09-24T00:00:00.000Z,2026-09-02,1,K220151,N
04056869006710,1,K220589,Y,200,MAGNETOM Skyra,10849580,,Siemens Healthcare GmbH,K130885;K140253;K141977;K142515;K151579;K162102;K173592;K232494,000;000;000;000;000;000;000;000,N,MOS;LNH;LNI,892.1000,2,False,True,False,False,Published,7,2026-01-15T00:00:00.000Z,2016-09-24T00:00:00.000Z,2026-09-02,1,K220589,N
04056869039176,1,K231560,Y,200,MAGNETOM Vida,11060815,,Siemens Healthcare GmbH,,,no_submission_in_gudid,LNH;MOS;LNI,892.1000,2,False,True,False,False,Published,9,2022-03-18T00:00:00.000Z,2017-07-25T00:00:00.000Z,2026-09-02,1,K231560,no_submission_in_gudid
04056869044538,1,K223343,Y,200,MAGNETOM Sempra,10840816,,Siemens Shenzhen Magnetic Resonance Ltd.,,,no_submission_in_gudid,LNH;LNI;MOS,892.1000,2,False,True,False,False,Published,5,2024-10-07T00:00:00.000Z,2018-03-06T00:00:00.000Z,2026-09-02,1,K223343,no_submission_in_gudid
04056869245188,1,K220939,Y,200,MAGNETOM Vida Fit,11410481,,Siemens Healthcare GmbH,,,no_submission_in_gudid,LNI;LNH;MOS,892.1000,2,False,True,False,False,Published,4,2026-01-08T00:00:00.000Z,2020-03-23T00:00:00.000Z,2026-09-02,1,K220939,no_submission_in_gudid
04056869297330,1,K231560,N,404,,,,,,,,,,,,,,,,,,,2026-09-02,1,K231560,no_submission_in_gudid
07290017652108,1,K183593,Y,200,LungVision Tool,Bridge,LV2055011,BODY VISION MEDICAL LTD,K172955,000,N,EOQ,874.4680,2,True,False,True,True,Published,2,2022-05-27T00:00:00.000Z,2021-04-11T00:00:00.000Z,2026-09-02,1,K183593,N
07350002010310,1,K210645,Y,200,RayStation,10.1,,Raysearch Laboratories AB (Publ),,,no_submission_in_gudid,MUJ,892.5050,2,False,False,True,False,Published,2,2023-05-18T00:00:00.000Z,2021-09-30T00:00:00.000Z,2026-09-02,1,K210645,no_submission_in_gudid
09353278000113,1,K181574,Y,200,EchoNous Bladder Probe,P005600,,"ECHONOUS, INC.",K181574,000,Y,ITX,892.1570,2,False,True,True,False,Published,1,2019-03-11T00:00:00.000Z,2019-02-18T00:00:00.000Z,2026-09-02,1,K181574,Y
15099590192242,1,K120771,Y,200,UniCel DxH, 600,B23858,"Beckman Coulter, Inc.",,,no_submission_in_gudid,GKZ,864.5220,2,False,True,True,False,Published,5,2024-05-16T00:00:00.000Z,2016-09-23T00:00:00.000Z,2026-09-02,1,K120771,no_submission_in_gudid
