udi_di,n_reports,idnumbers
03573026359119,250,DEN130013
00853341006015,90,K161772
00869770000210,27,K181502;K222389
00884838105508,12,K212441
00853341006060,7,K213857
00887517990792,6,K180038
00690103200942,4,K183646
00842000100805,3,K192455
00853341006039,3,K203329
00888867265813,3,K183268
04056869006697,3,K221733;K231560
04056869230740,3,K220939
07290017652085,3,K183593
00814932020001,2,K193087
00850043907046,2,K222389
00856128007007,2,K171056
00884838104112,2,K223442
04056869230719,2,K203443;K221733
50690103200947,2,K183646
00183739000678,1,K210458
00842000100409,1,K192455
00842000100737,1,K192455
00842000100935,1,K192455
00853341006053,1,K213857
00859509006019,1,K161834
00859591006065,1,K182616
00862011000369,1,K192665
00887517994127,1,K180038
04056481132422,1,K223288
04056869006659,1,K220151
04056869006710,1,K220589
04056869039176,1,K231560
04056869044538,1,K223343
04056869245188,1,K220939
04056869297330,1,K231560
07290017652108,1,K183593
07350002010310,1,K210645
09353278000113,1,K181574
15099590192242,1,K120771
