key,reference
aems,US Food and Drug Administration. FDA launches new adverse event look-up tool [press release]. 11 March 2026. https://www.fda.gov/news-events/press-announcements/fda-launches-new-adverse-event-look-tool (accessed 26 Sep 2026).
ai_list,[dataset] US Food and Drug Administration. 2026. Artificial intelligence-enabled medical devices. US Food and Drug Administration. https://www.fda.gov/medical-devices/software-medical-device-samd/artificial-intelligence-enabled-medical-devices (accessed 26 Sep 2026).
babic2025,"Babic B, Cohen IG, Stern AD, et al. A general framework for governing marketed AI/ML medical devices. NPJ Digit Med 2025;8:328."
cfr_udi,"Code of Federal Regulations. Title 21, parts 801 (subpart B) and 830: unique device identification. https://www.ecfr.gov/current/title-21/chapter-I/subchapter-H (accessed 26 Sep 2026)."
cvx,Centers for Disease Control and Prevention. IIS code sets: vaccines administered (CVX) and manufacturers of vaccines (MVX). https://www2.cdc.gov/vaccines/iis/iisstandards/vaccines.asp?rpt=cvx (accessed 26 Sep 2026).
cyber_guid,US Food and Drug Administration. Cybersecurity in medical devices: quality management system considerations and content of premarket submissions. Guidance for industry and FDA staff. 2026. https://www.fda.gov/media/119933/download (accessed 26 Sep 2026).
fda_dp,US Food and Drug Administration. Considerations for the regulation of generative AI-enabled medical devices: discussion paper and request for feedback. Docket No. FDA-2026-N-7874. 2026. https://www.fda.gov/media/194242/download (accessed 26 Sep 2026).
gerke2020,"Gerke S, Babic B, Evgeniou T, et al. The need for a system view to regulate artificial intelligence/machine learning-based software as medical device. NPJ Digit Med 2020;3:53."
gerke2023,Gerke S. ‘Nutrition facts labels’ for artificial intelligence/machine learning-based medical devices—the urgent need for labeling standards. George Washington Law Review 2023;91:79–163.
gudid_guid,US Food and Drug Administration. Global Unique Device Identification Database (GUDID): guidance for industry and Food and Drug Administration staff. 2024. https://www.fda.gov/media/86569/download (accessed 26 Sep 2026).
hti1,"Office of the National Coordinator for Health Information Technology. Health data, technology, and interoperability: certification program updates, algorithm transparency, and information sharing. Federal Register 2024;89:1192."
hti5,"Assistant Secretary for Technology Policy/Office of the National Coordinator for Health Information Technology. Health data, technology, and interoperability: ASTP/ONC deregulatory actions to unleash prosperity (proposed rule). Federal Register 2025;90:60970."
k510_layout,[dataset] US Food and Drug Administration. 2026. Releasable 510(k) database and file layout. US Food and Drug Administration. https://www.fda.gov/medical-devices/510k-clearances/file-layout-releasable-510ks (accessed 26 Sep 2026).
klein2021,"Klein NP, Lewis N, Goddard K, et al. Surveillance for adverse events after COVID-19 mRNA vaccination. JAMA 2021;326:1390–9."
maf_page,US Food and Drug Administration. Device master files. https://www.fda.gov/medical-devices/premarket-submissions-selecting-and-preparing-correct-submission/device-master-files (accessed 26 Sep 2026).
maude_search,US Food and Drug Administration. MAUDE—Manufacturer and User Facility Device Experience. https://www.accessdata.fda.gov/scripts/cdrh/cfdocs/cfmaude/search.cfm (accessed 26 Sep 2026).
mdr_files,"[dataset] US Food and Drug Administration. 2026. MDR data files (master, DEVICE and problem files). US Food and Drug Administration. https://www.fda.gov/medical-devices/medical-device-reporting-mdr-how-report-medical-device-problems/mdr-data-files (accessed 26 Sep 2026)."
openfda,US Food and Drug Administration. openFDA device adverse event API. https://open.fda.gov/apis/device/event/ (accessed 26 Sep 2026).
pccp,US Food and Drug Administration. Marketing submission recommendations for a predetermined change control plan for artificial intelligence-enabled device software functions. Guidance for industry and FDA staff. 2024 (reissued 2025). https://www.fda.gov/media/166704/download (accessed 26 Sep 2026).
prodclass,[dataset] US Food and Drug Administration. 2026. Product code classification files. US Food and Drug Administration. https://www.fda.gov/medical-devices/classify-your-medical-device/download-product-code-classification-files (accessed 26 Sep 2026).
sec524b,"Ensuring cybersecurity of devices. Federal Food, Drug, and Cosmetic Act § 524B, 21 U.S.C. § 360n-2 (2022)."
sentinel_cdm,"Sentinel Operations Center. Sentinel Common Data Model, version 8.2.2. 2025. https://www.sentinelinitiative.org/methods-data-tools/sentinel-common-data-model/sentinel-common-data-model (accessed 26 Sep 2026)."
vsd_protocol,"Vaccine Safety Datalink. Rapid cycle analysis (RCA) to monitor the safety of COVID-19 vaccines in near real-time within the Vaccine Safety Datalink. Protocol version 1.4. Atlanta, GA: Centers for Disease Control and Prevention 2022. https://www.cdc.gov/vaccine-safety-systems/media/pdfs/covid19-rca-protocol-1342-508.pdf (accessed 26 Sep 2026)."
