#,System,"Document (issuer, version or date)",URL,Access date,Section,Quotation (≤40 words),C2,C3,Rationale
1,MDR/MAUDE,"Public Notification of Emerging Postmarket Medical Device Signals (FDA CDRH, final guidance, 14 December 2016)",https://www.fda.gov/media/95125/download,2026-09-26,§IV (p. 5); §II (p. 4),"""A signal represents a new potentially causal association … between a medical device and an adverse event…""; ""…multiple different product types from multiple different manufacturers (e.g., materials issues).""",Absent (flag),Absent,"Emerging signals may span manufacturers, but a signal is an association with a device; no detection rule or schedule is stated, and review follows a signal"
2,MDR/MAUDE,"Data Mining at the Center for Devices and Radiological Health (FDA, 2018)",https://www.fda.gov/science-research/data-mining/data-mining-center-devices-and-radiological-health,2026-09-26,Body,"""The FDA uses MDRs to monitor device performance, detect potential device-related safety issues…""",Not documented,Not documented,"No method, unit or schedule published"
3,MDR/MAUDE,"Total Product Life Cycle for Medical Devices (FDA CDRH Transparency, 2023)",https://www.fda.gov/about-fda/cdrh-transparency/cdrh-transparency-total-product-life-cycle-tplc,2026-09-26,Total Product Life Cycle Database,"""…provides data by procode, or generic category of device, and not by individual submission or brand name.""",Not documented,Not documented,Groups data by product code
4,MDR/MAUDE,"MDR Adverse Event Codes (FDA CDRH, 2026)",https://www.fda.gov/medical-devices/mandatory-reporting-requirements-manufacturers-importers-and-device-user-facilities/mdr-adverse-event-codes,2026-09-26,"Code types table, Medical Device Component (G)","""The parts and components which were involved in, or affected by, the medical device adverse event/incident.""",Not documented (flag),Not documented,Component codes classify part types; no rule uses them
5,MDR/MAUDE,"Medical Device Reports of Breast Implant-Associated Anaplastic Large Cell Lymphoma (FDA CDRH, 2025)",https://www.fda.gov/medical-devices/breast-implants/medical-device-reports-breast-implant-associated-anaplastic-large-cell-lymphoma,2026-09-26,Summary of the FDA's MDR Review; Table 2,"""In 2011, the FDA identified a possible association between breast implants and the development of anaplastic large cell lymphoma (ALCL).""",Absent (flag),Absent,"Grouped across manufacturers by texture after the signal, without a schedule"
6,MDR/MAUDE,"Paclitaxel-Coated Balloons and Stents for Peripheral Arterial Disease (FDA CDRH, 2023)",https://www.fda.gov/medical-devices/cardiovascular-devices/paclitaxel-coated-balloons-and-stents-peripheral-arterial-disease,2026-09-26,Clinical Evidence for Paclitaxel-Coated Devices,"""The FDA's meta-analysis of long-term follow-up data from the pivotal premarket randomized trials for paclitaxel-coated devices…""",Absent (flag),Absent,"Pooled by coating across manufacturers after a 2018 meta-analysis, using trial data"
7,GUDID/UDI,"Unique Device Identification System, final rule (FDA; 78 FR 58786, 24 September 2013)",https://www.federalregister.gov/documents/2013/09/24/2013-23059/unique-device-identification-system,2026-09-26,"Executive summary, Purpose of the Regulatory Action","""…more rapidly review, aggregate, and analyze related reports regarding a particular device…""",Not documented,Not documented,The unit of aggregation is a single device
8,NESTcc,"Active Surveillance (NESTcc, update of 5 December 2024)",https://nestcc.org/active-surveillance/,2026-09-26,Active Surveillance Update,"""NESTcc plans to begin active postmarket surveillance of two medical devices…""",Not documented,Not documented,Two-device pilot; no public signal definition
9,openFDA,"Device Adverse Event Overview (FDA openFDA, undated)",https://open.fda.gov/apis/device/event/,2026-09-26,About MAUDE data,"""…the incidence or prevalence of an event cannot be determined from this reporting system alone…""",Not documented,Not documented,Data-access interface without a signal method
10,Sentinel,"Devices & Radiological Health Studies (Sentinel Initiative, 2017–2024)",https://www.sentinelinitiative.org/studies/devices-radiological-health,2026-09-26,Center for Devices & Radiological Health (introduction),"""CDRH uses Sentinel as part of the assessment of postmarket safety of medical devices when applicable…""",Not documented,Not documented,One-off studies of device types
11,Sentinel,"An Assessment of the Sentinel System (2022 to 2024) (FDA; prepared by the Sentinel Operations Center, September 2025)",https://www.fda.gov/media/189028/download,2026-09-26,§2.3 (p. 8),"""Utilization data for new molecular entities (NMEs)… and select biosimilar products informed product selection.""",Absent,Absent,Tree-based scan pilots target single products
12,BEST,"COVID-19 Vaccine Safety Surveillance: Bivalent Dose Vaccine Active Monitoring Protocol Addendum (FDA CBER, v1.0, 23 December 2022)",https://bestinitiative.org/wp-content/uploads/2023/01/C19-Bivalent-Booster-Active-Monitoring-Protocol-Addendum-2022.pdf,2026-09-26,§4.6.1 (p. 15),"""…conducted separately for each adverse event…, data partner, vaccine brand…""",Absent,Absent,"Prespecified and monthly, but keyed to vaccine brand (within-domain contrast)"
13,AI devices,"Executive Summary, Digital Health Advisory Committee: Total Product Lifecycle Considerations for Generative AI-Enabled Devices (FDA, November 2024)",https://www.fda.gov/media/182871/download,2026-09-26,"pp. 4, 19","""…may adapt a single foundation model for various applications…""; ""…consider postmarket monitoring strategies for not only their GenAI model, but the underlying foundation model, as applicable…""",Not documented (flag),Not documented (flag),"Recognizes model sharing and recommends that each manufacturer monitor, including the underlying foundation model, without a signal definition or review procedure"
14,AI devices,"Request for Public Comment: Measuring and Evaluating Artificial Intelligence-enabled Medical Device Performance in the Real-World (FDA, September 2025; docket FDA-2025-N-4203)",https://www.fda.gov/medical-devices/digital-health-center-excellence/request-public-comment-measuring-and-evaluating-artificial-intelligence-enabled-medical-device,2026-09-26,"Questions, topic 4","""What triggers the need for additional assessments and more intensive evaluation?""",Not documented,Not documented,Questions concern single devices
15,AI devices,"Considerations for the Regulation of Generative AI-Enabled Medical Devices (FDA CDRH, August 2026; docket FDA-2026-N-7874)",https://www.fda.gov/media/194242/download,2026-09-26,§VI.C (p. 21); §VII.A (p. 22),"""…changes to the underlying model may be initiated by the foundation model developer rather than the device manufacturer.""; ""…could be referenced by sponsors… in support of individual premarket submissions.""",Absent (flag),Absent (flag),"Each sponsor benchmarks its own device, including after changes to the underlying model; the master file serves premarket review"
16,§524B,"Cybersecurity in Medical Devices: Quality Management System Considerations and Content of Premarket Submissions (FDA, final guidance, 3 February 2026)",https://www.fda.gov/media/119933/download,2026-09-26,§V.A.4(a) (p. 16),"""…a mechanism to identify devices… that might be affected by vulnerabilities in the software components…""",Absent (flag),Absent,Component-keyed for vulnerabilities; adverse event signals not addressed
17,§524B,"Postmarket Management of Cybersecurity in Medical Devices (FDA, final guidance, 2016)",https://www.fda.gov/media/95862/download,2026-09-26,p. 10; p. 5,"""A cybersecurity signal is any information which indicates the potential for, or confirmation of, a cybersecurity vulnerability or exploit…""",Absent (flag),Absent,"The signal is a vulnerability, and third-party components are to be monitored for vulnerabilities; MDR reporting is out of scope"
18,§524B,"FDA press release on URGENT/11 vulnerabilities (FDA, 1 October 2019)",https://www.fda.gov/news-events/press-announcements/fda-informs-patients-providers-and-manufacturers-about-potential-cybersecurity-vulnerabilities,2026-09-26,Body,"""…a third-party software, called IPnet…""; ""To date, the FDA has not received any adverse event reports associated with these vulnerabilities.""",Absent (flag),Absent,"Cross-manufacturer action on a shared component, triggered by a vulnerability rather than adverse events"
19,Positive control,"Rapid Cycle Analysis to Monitor the Safety of COVID-19 Vaccines in Near Real-Time within the Vaccine Safety Datalink (CDC, protocol v1.4, 1 February 2022)",https://www.cdc.gov/vaccine-safety-systems/media/pdfs/covid19-rca-protocol-1342-508.pdf,2026-09-26,"pp. 8, 14–15","""…identified by CVX codes in VSD vaccine data files.""; ""There will also be combined analyses which include follow-up after either mRNA vaccine.""; ""…analyzed weekly.""",Present,Present,Prespecified pooled mRNA analyses run weekly; confirmed signals referred for review
20,Positive control,"Klein et al., Surveillance for Adverse Events After COVID-19 mRNA Vaccination (JAMA, 2021)",https://doi.org/10.1001/jama.2021.15072,2026-09-26,Methods,"""Each week since December 14, 2020… we updated and analyzed all vaccinations and outcomes…""; ""…analyses that combine follow-up after receipt of the BNT162b2 and mRNA-1273 vaccines""",Present,Present,Pooled analyses weekly against a one-sided P < .0048 threshold
