idnumber,n_reports,udi_di_populated,distinct_model_numbers,distinct_lot_values
DEN130013,319,250,8,0
K150817,273,0,4,55
K161772,90,90,36,0
K120771,81,1,3,3
K222389,30,28,1,0
K212441,12,12,1,0
K190387,11,0,10,0
K210645,10,1,7,0
K211867,9,0,7,0
K213857,8,8,6,0
K183646,7,6,1,3
K220141,7,0,6,0
K200569,7,0,5,0
K180038,7,7,2,2
K192455,6,6,6,0
K231190,5,0,1,0
K183593,4,4,2,3
K220939,4,4,2,0
K231560,4,4,3,0
K203329,3,3,3,0
K183268,3,3,1,3
K181685,3,0,1,2
K221733,3,2,3,0
K223442,2,2,1,0
K180599,2,0,2,2
K182616,2,1,2,1
K161834,2,1,1,0
K133259,2,0,1,1
K201444,2,0,1,0
K201012,2,0,0,0
K193087,2,2,1,2
K171056,2,2,1,0
K183133,1,0,1,0
K181502,1,1,0,0
K181574,1,1,1,0
K192065,1,0,1,0
K211597,1,0,0,0
K203443,1,1,1,0
K211846,1,0,1,0
K193282,1,0,0,0
K192665,1,1,1,1
K200497,1,0,0,1
K210458,1,1,1,1
K220589,1,1,1,0
K220151,1,1,1,1
K213583,1,0,1,0
K213938,1,0,1,0
K212704,1,0,0,0
K222312,1,0,1,0
K223288,1,1,1,1
K223343,1,1,1,0
