udi_di,n_reports,idnumbers,brand,digits,format
03573026359119,250,DEN130013,VITEK MS INSTRUMENT,14,"GS1 GTIN-14 (numeric, 14)"
00853341006015,90,K161772,FFRCT V2.4,14,"GS1 GTIN-14 (numeric, 14)"
00869770000210,27,K181502;K222389,ZIO AT,14,"GS1 GTIN-14 (numeric, 14)"
00884838105508,12,K212441,INCISIVE CT,14,"GS1 GTIN-14 (numeric, 14)"
00853341006060,7,K213857,HEARTFLOW ANALYSIS,14,"GS1 GTIN-14 (numeric, 14)"
00887517990792,6,K180038,NUVASIVE PULSE III MULTIMODALITY SYSTEM,14,"GS1 GTIN-14 (numeric, 14)"
00690103200942,4,K183646,ACUMEN IQ SENSOR,14,"GS1 GTIN-14 (numeric, 14)"
04056869230740,3,K220939,MAGNETOM LUMINA,14,"GS1 GTIN-14 (numeric, 14)"
07290017652085,3,K183593,LUNG VISION SYSTEM,14,"GS1 GTIN-14 (numeric, 14)"
04056869006697,3,K221733;K231560,MAGNETOM AERA,14,"GS1 GTIN-14 (numeric, 14)"
00888867265813,3,K183268,TENSIONLOC COLLAR AND PLUG IMPLANT 7MM,14,"GS1 GTIN-14 (numeric, 14)"
00853341006039,3,K203329,FFRCT,14,"GS1 GTIN-14 (numeric, 14)"
00842000100805,3,K192455,MERGE PACS,14,"GS1 GTIN-14 (numeric, 14)"
00814932020001,2,K193087,NEOTRACT UROLIFT SYSTEM UL400,14,"GS1 GTIN-14 (numeric, 14)"
00850043907046,2,K222389,ZEUS SYSTEM,14,"GS1 GTIN-14 (numeric, 14)"
04056869230719,2,K203443;K221733,MAGNETOM ALTEA,14,"GS1 GTIN-14 (numeric, 14)"
00884838104112,2,K223442,MR 7700,14,"GS1 GTIN-14 (numeric, 14)"
00856128007007,2,K171056,WAVE CLINICAL PLATFORM,14,"GS1 GTIN-14 (numeric, 14)"
50690103200947,2,K183646,ACUMEN IQ SENSOR,14,"GS1 GTIN-14 (numeric, 14)"
00842000100935,1,K192455,MERGE PACS,14,"GS1 GTIN-14 (numeric, 14)"
00842000100737,1,K192455,MERGE PACS,14,"GS1 GTIN-14 (numeric, 14)"
00842000100409,1,K192455,MERGE PACS,14,"GS1 GTIN-14 (numeric, 14)"
00183739000678,1,K210458,ILUMIEN OPTIS,14,"GS1 GTIN-14 (numeric, 14)"
00887517994127,1,K180038,NUVASIVE PULSE SYSTEM,14,"GS1 GTIN-14 (numeric, 14)"
00862011000369,1,K192665,ACCELERATE PHENOTEST BC KIT,14,"GS1 GTIN-14 (numeric, 14)"
00859509006019,1,K161834,ONE DROP CHROME BGMS,14,"GS1 GTIN-14 (numeric, 14)"
00859591006065,1,K182616,NVISIONVLE OPTICAL PROBE,14,"GS1 GTIN-14 (numeric, 14)"
00853341006053,1,K213857,HEARTFLOW ANALYSIS,14,"GS1 GTIN-14 (numeric, 14)"
04056869006659,1,K220151,MAGNETOM AVANTO FIT,14,"GS1 GTIN-14 (numeric, 14)"
04056869006710,1,K220589,MAGNETOM SKYRA FIT,14,"GS1 GTIN-14 (numeric, 14)"
04056481132422,1,K223288,NAVIGATION SW CRANIAL EM (VERSION 1.1),14,"GS1 GTIN-14 (numeric, 14)"
04056869039176,1,K231560,MAGNETOM VIDA,14,"GS1 GTIN-14 (numeric, 14)"
04056869044538,1,K223343,MAGNETOM SEMPRA,14,"GS1 GTIN-14 (numeric, 14)"
04056869297330,1,K231560,MAGNETOM LUMINA,14,"GS1 GTIN-14 (numeric, 14)"
04056869245188,1,K220939,MAGNETOM VIDA FIT,14,"GS1 GTIN-14 (numeric, 14)"
07290017652108,1,K183593,LUNGVISION TOOL,14,"GS1 GTIN-14 (numeric, 14)"
07350002010310,1,K210645,RAYSTATION,14,"GS1 GTIN-14 (numeric, 14)"
09353278000113,1,K181574,USCAN,14,"GS1 GTIN-14 (numeric, 14)"
15099590192242,1,K120771,UNICEL DXH 600 COULTER CELLULAR ANALYSIS,14,"GS1 GTIN-14 (numeric, 14)"
