mdr_report_key,idnumber,brand_name,n_fields_matched,fields
10375493,K192455,MERGE PACS,1,MODEL_NUMBER
10609388,K192455,MERGE PACS,1,UDI-PUBLIC
11181805,K203329,FFRCT,2,MODEL_NUMBER;UDI-PUBLIC
11719122,K203329,FFRCT,2,MODEL_NUMBER;UDI-PUBLIC
11996143,K192455,MERGE PACS,2,MODEL_NUMBER;UDI-PUBLIC
12144440,K192455,MERGE PACS,2,MODEL_NUMBER;UDI-PUBLIC
13502451,K192455,MERGE PACS,1,UDI-PUBLIC
15341822,K203329,HEARTFLOW ANALYSIS,2,MODEL_NUMBER;UDI-PUBLIC
16462021,K211867,RAYSTATION,1,MODEL_NUMBER
16616513,K213857,HEARTFLOW ANALYSIS,2,MODEL_NUMBER;UDI-PUBLIC
16916849,K213857,HEARTFLOW ANALYSIS,2,MODEL_NUMBER;UDI-PUBLIC
17889995,K213857,HEARTFLOW ANALYSIS,2,MODEL_NUMBER;UDI-PUBLIC
17927188,K213857,HEARTFLOW ANALYSIS,2,MODEL_NUMBER;UDI-PUBLIC
17953747,K213857,HEARTFLOW ANALYSIS,2,MODEL_NUMBER;UDI-PUBLIC
17980670,K213857,HEARTFLOW ANALYSIS,2,MODEL_NUMBER;UDI-PUBLIC
18128727,K223288,NAVIGATION SW CRANIAL EM (VERSION 1.1),1,LOT_NUMBER
18159025,K213857,HEARTFLOW ANALYSIS,2,MODEL_NUMBER;UDI-PUBLIC
18370041,K213857,HEARTFLOW ANALYSIS,2,MODEL_NUMBER;UDI-PUBLIC
3433687,K120771,UNICEL® DXH 800 COULTER® CELLULAR ANALYSIS SYSTEM,1,OTHER_ID_NUMBER
3546282,K120771,UNICEL® DXH 600 COULTER® CELLULAR ANALYSIS SYSTEM,1,OTHER_ID_NUMBER
3654770,K120771,UNICEL® DXH 800 COULTER® CELLULAR ANALYSIS SYSTEM,1,OTHER_ID_NUMBER
3789514,K120771,UNICEL® DXH 800 COULTER® CELLULAR ANALYSIS SYSTEM,1,OTHER_ID_NUMBER
3831307,K120771,UNICEL DXH 800 COULTER CELLULAR ANALYSIS SYSTEM,1,OTHER_ID_NUMBER
3844200,K120771,UNICEL DXH 600 COULTER CELLULAR ANALYSIS SYSTEM,1,OTHER_ID_NUMBER
3939509,K120771,UNICEL DXH 800 COULTER CELLULAR ANALYSIS SYSTEM,1,OTHER_ID_NUMBER
3945171,K120771,UNICEL DXH 600 COULTER CELLULAR ANALYSIS SYSTEM,1,OTHER_ID_NUMBER
3945176,K120771,UNICEL DXH 600 COULTER CELLULAR ANALYSIS SYSTEM,1,OTHER_ID_NUMBER
3962083,K120771,UNICEL DXH 800 COULTER CELLULAR ANALYSIS SYSTEM,1,OTHER_ID_NUMBER
3973963,K120771,UNICEL DXH 800 COULTER CELLULAR ANALYSIS SYSTEM,1,OTHER_ID_NUMBER
3978059,K120771,UNICEL DXH 800 COULTER CELLULAR ANALYSIS SYSTEM,1,OTHER_ID_NUMBER
3978403,K120771,UNICEL DXH 800 COULTER CELLULAR ANALYSIS SYSTEM,1,OTHER_ID_NUMBER
3982216,K120771,UNICEL DXH 800 COULTER CELLULAR ANALYSIS SYSTEM,1,OTHER_ID_NUMBER
4000236,K120771,UNICEL DXH 800 COULTER CELLULAR ANALYSIS SYSTEM,1,OTHER_ID_NUMBER
4039422,K120771,UNICEL DXH 800 COULTER CELLULAR ANALYSIS SYSTEM,1,OTHER_ID_NUMBER
4048795,K120771,UNICEL DXH 800 COULTER CELLULAR ANALYSIS SYSTEM,1,OTHER_ID_NUMBER
4049869,K120771,UNICEL DXH 800 COULTER CELLULAR ANALYSIS SYSTEM,1,OTHER_ID_NUMBER
4050219,K120771,UNICEL DXH 800 COULTER CELLULAR ANALYSIS SYSTEM,1,OTHER_ID_NUMBER
4052796,K120771,UNICEL DXH 800 COULTER CELLULAR ANALYSIS SYSTEM,1,OTHER_ID_NUMBER
4061782,K120771,UNICEL DXH 800 COULTER CELLULAR ANALYSIS SYSTEM,1,OTHER_ID_NUMBER
4065775,K120771,UNICEL DXH 800 COULTER CELLULAR ANALYSIS SYSTEM,1,OTHER_ID_NUMBER
4065776,K120771,UNICEL DXH 800 COULTER CELLULAR ANALYSIS SYSTEM,1,OTHER_ID_NUMBER
4082567,K120771,UNICEL DXH 600 COULTER CELLULAR ANALYSIS SYSTEM,1,LOT_NUMBER
4101898,K120771,UNICEL DXH 800 COULTER CELLULAR ANALYSIS SYSTEM,1,OTHER_ID_NUMBER
4128861,K120771,UNICEL DXH 600 COULTER CELLULAR ANALYSIS SYSTEM,1,OTHER_ID_NUMBER
4167714,K120771,UNICEL DXH 800 COULTER CELLULAR ANALYSIS SYSTEM,1,OTHER_ID_NUMBER
4182646,K120771,UNICEL DXH 800 COULTER CELLULAR ANALYSIS SYSTEM,1,OTHER_ID_NUMBER
4249120,K120771,UNICEL DXH 800 COULTER CELLULAR ANALYSIS SYSTEM,1,OTHER_ID_NUMBER
4280231,K120771,UNICEL DXH 800 COULTER CELLULAR ANALYSIS SYSTEM,1,OTHER_ID_NUMBER
4284612,K120771,UNICEL DXH 800 COULTER CELLULAR ANALYSIS SYSTEM,1,OTHER_ID_NUMBER
4292518,K120771,UNICEL DXH 600 COULTER CELLULAR ANALYSIS SYSTEM,1,OTHER_ID_NUMBER
4331033,K120771,UNICEL DXH 800 COULTER CELLULAR ANALYSIS SYSTEM,1,OTHER_ID_NUMBER
4335089,K120771,UNICEL DXH 800 COULTER CELLULAR ANALYSIS SYSTEM,1,OTHER_ID_NUMBER
4348417,K120771,UNICEL DXH 600 COULTER CELLULAR ANALYSIS SYSTEM,1,OTHER_ID_NUMBER
4378016,K120771,UNICEL DXH 600 COULTER CELLULAR ANALYSIS SYSTEM,1,OTHER_ID_NUMBER
4378017,K120771,UNICEL DXH 600 COULTER CELLULAR ANALYSIS SYSTEM,1,OTHER_ID_NUMBER
4439433,K120771,UNICEL DXH 800 COULTER CELLULAR ANALYSIS SYSTEM,1,OTHER_ID_NUMBER
4439449,K120771,UNICEL DXH 800 COULTER CELLULAR ANALYSIS SYSTEM,1,OTHER_ID_NUMBER
4443373,K120771,UNICEL DXH 800 COULTER CELLULAR ANALYSIS SYSTEM,1,OTHER_ID_NUMBER
4460243,K120771,UNICEL DXH 800 COULTER CELLULAR ANALYSIS SYSTEM,1,OTHER_ID_NUMBER
4460244,K120771,UNICEL DXH 800 COULTER CELLULAR ANALYSIS SYSTEM,1,OTHER_ID_NUMBER
4570935,K120771,UNICEL DXH 800 COULTER CELLULAR ANALYSIS SYSTEM,1,OTHER_ID_NUMBER
4571059,K120771,UNICEL DXH 800 COULTER CELLULAR ANALYSIS SYSTEM,1,OTHER_ID_NUMBER
4576189,K120771,UNICEL DXH 800 COULTER CELLULAR ANALYSIS SYSTEM,1,OTHER_ID_NUMBER
8236790,K161772,FFRCT,1,UDI-PUBLIC
8261961,K161772,FFRCT,1,UDI-PUBLIC
8261978,K161772,FFRCT,1,UDI-PUBLIC
8261983,K161772,FFRCT,1,UDI-PUBLIC
8269286,K161772,FFRCT,2,MODEL_NUMBER;UDI-PUBLIC
8283552,K161772,FFRCT,1,UDI-PUBLIC
8313234,K161772,FFRCT,1,UDI-PUBLIC
8367282,K161772,FFRCT,1,UDI-PUBLIC
8424480,K161772,FFRCT,1,UDI-PUBLIC
8441843,K161772,FFRCT,1,UDI-PUBLIC
8454028,K161772,FFRCT,1,UDI-PUBLIC
8454202,K161772,FFRCT,1,UDI-PUBLIC
8461676,K161772,FFRCT,1,UDI-PUBLIC
8496772,K161772,FFRCT,2,MODEL_NUMBER;UDI-PUBLIC
8500272,K161772,FFRCT,2,MODEL_NUMBER;UDI-PUBLIC
8545729,K161772,FFRCT,2,MODEL_NUMBER;UDI-PUBLIC
8554566,K161772,FFRCT,2,MODEL_NUMBER;UDI-PUBLIC
8554624,K161772,FFRCT,2,MODEL_NUMBER;UDI-PUBLIC
8593363,K161772,FFRCT,2,MODEL_NUMBER;UDI-PUBLIC
8593438,K161772,FFRCT,2,MODEL_NUMBER;UDI-PUBLIC
8621618,K161772,FFRCT,2,MODEL_NUMBER;UDI-PUBLIC
8655250,K161772,FFRCT,2,MODEL_NUMBER;UDI-PUBLIC
8655505,K161772,FFRCT,2,MODEL_NUMBER;UDI-PUBLIC
8659665,K161772,FFRCT,2,MODEL_NUMBER;UDI-PUBLIC
8689461,K161772,FFRCT,2,MODEL_NUMBER;UDI-PUBLIC
8713942,K161772,FFRCT,2,MODEL_NUMBER;UDI-PUBLIC
8737374,K161772,FFRCT,2,MODEL_NUMBER;UDI-PUBLIC
8782335,K161772,FFRCT,2,MODEL_NUMBER;UDI-PUBLIC
8786311,K161772,FFRCT,2,MODEL_NUMBER;UDI-PUBLIC
8795000,K161772,FFRCT,2,MODEL_NUMBER;UDI-PUBLIC
8795982,K161772,FFRCT,2,MODEL_NUMBER;UDI-PUBLIC
8833614,K161772,FFRCT,2,MODEL_NUMBER;UDI-PUBLIC
8842016,K161772,FFRCT,2,MODEL_NUMBER;UDI-PUBLIC
8902624,K161772,FFRCT,2,MODEL_NUMBER;UDI-PUBLIC
8927479,K161772,FFRCT,2,MODEL_NUMBER;UDI-PUBLIC
8948076,K161772,FFRCT,2,MODEL_NUMBER;UDI-PUBLIC
8999636,K161772,FFRCT,2,MODEL_NUMBER;UDI-PUBLIC
9072627,K161772,FFRCT,2,MODEL_NUMBER;UDI-PUBLIC
9099678,K161772,FFRCT,2,MODEL_NUMBER;UDI-PUBLIC
9125901,K161772,FFRCT,2,MODEL_NUMBER;UDI-PUBLIC
9126297,K161772,FFRCT,2,MODEL_NUMBER;UDI-PUBLIC
9153167,K161772,FFRCT,2,MODEL_NUMBER;UDI-PUBLIC
9210585,K161772,FFRCT,2,MODEL_NUMBER;UDI-PUBLIC
9225301,K161772,FFRCT,2,MODEL_NUMBER;UDI-PUBLIC
9242398,K161772,FFRCT,2,MODEL_NUMBER;UDI-PUBLIC
9263758,K161772,FFRCT,2,MODEL_NUMBER;UDI-PUBLIC
9284588,K161772,FFRCT,2,MODEL_NUMBER;UDI-PUBLIC
9301542,K161772,FFRCT,2,MODEL_NUMBER;UDI-PUBLIC
9315660,K161772,FFRCT,2,MODEL_NUMBER;UDI-PUBLIC
9354852,K161772,FFRCT,2,MODEL_NUMBER;UDI-PUBLIC
9356858,K161772,FFRCT,2,MODEL_NUMBER;UDI-PUBLIC
9359375,K161772,FFRCT,2,MODEL_NUMBER;UDI-PUBLIC
9365309,K161772,FFRCT,2,MODEL_NUMBER;UDI-PUBLIC
9379358,K161772,FFRCT,2,MODEL_NUMBER;UDI-PUBLIC
9406083,K161772,FFRCT,2,MODEL_NUMBER;UDI-PUBLIC
9406957,K161772,FFRCT,2,MODEL_NUMBER;UDI-PUBLIC
9413442,K161772,FFRCT,2,MODEL_NUMBER;UDI-PUBLIC
9447606,K161772,FFRCT,2,MODEL_NUMBER;UDI-PUBLIC
9470548,K161772,FFRCT,2,MODEL_NUMBER;UDI-PUBLIC
9477842,K161772,FFRCT,2,MODEL_NUMBER;UDI-PUBLIC
9492707,K161772,FFRCT,2,MODEL_NUMBER;UDI-PUBLIC
9492862,K161772,FFRCT,2,MODEL_NUMBER;UDI-PUBLIC
9497804,K161772,FFRCT,2,MODEL_NUMBER;UDI-PUBLIC
9503746,K161772,FFRCT,2,MODEL_NUMBER;UDI-PUBLIC
9512348,K161772,FFRCT,2,MODEL_NUMBER;UDI-PUBLIC
9601815,K161772,FFRCT,2,MODEL_NUMBER;UDI-PUBLIC
9613059,K161772,FFRCT,2,MODEL_NUMBER;UDI-PUBLIC
9613397,K161772,FFRCT,2,MODEL_NUMBER;UDI-PUBLIC
9616181,K161772,FFRCT,2,MODEL_NUMBER;UDI-PUBLIC
9616474,K161772,FFRCT,2,MODEL_NUMBER;UDI-PUBLIC
9633876,K161772,FFRCT,2,MODEL_NUMBER;UDI-PUBLIC
9634655,K161772,FFRCT,2,MODEL_NUMBER;UDI-PUBLIC
9879536,K161772,FFRCT,2,MODEL_NUMBER;UDI-PUBLIC
9975523,K161772,FFRCT,2,MODEL_NUMBER;UDI-PUBLIC
