mdr_report_key,idnumber,date_received
8402371,DEN130013,03/07/2019
9035458,DEN130013,09/13/2019
9713244,DEN130013,02/14/2020
8524809,DEN130013,04/17/2019
8619191,DEN130013,05/17/2019
6750295,DEN130013,07/28/2017
8857521,DEN130013,08/02/2019
9182633,DEN130013,10/11/2019
9469893,DEN130013,12/13/2019
7138923,DEN130013,12/21/2017
8681286,DEN130013,06/09/2019
6981048,DEN130013,10/26/2017
9309975,DEN130013,11/12/2019
10174809,DEN130013,06/19/2020
6717331,DEN130013,07/17/2017
8227818,DEN130013,01/08/2019
6677538,DEN130013,06/29/2017
6926187,DEN130013,10/07/2017
9146244,DEN130013,10/02/2019
10014318,DEN130013,04/30/2020
7011159,DEN130013,11/08/2017
9194851,DEN130013,10/15/2019
7812607,DEN130013,08/24/2018
8524807,DEN130013,04/17/2019
7319379,DEN130013,03/06/2018
7110236,DEN130013,12/12/2017
6862684,DEN130013,09/13/2017
8455747,DEN130013,03/27/2019
8644292,DEN130013,05/27/2019
10194345,DEN130013,06/25/2020
10174808,DEN130013,06/19/2020
9856508,DEN130013,03/19/2020
6946295,DEN130013,10/12/2017
6993237,DEN130013,11/01/2017
7464707,DEN130013,04/26/2018
9934270,DEN130013,04/08/2020
6764749,DEN130013,08/03/2017
8861374,DEN130013,08/05/2019
10009919,DEN130013,04/29/2020
8681287,DEN130013,06/09/2019
9008703,DEN130013,09/12/2019
8108491,DEN130013,11/27/2018
9884206,DEN130013,03/26/2020
8800713,DEN130013,07/17/2019
9418054,DEN130013,12/05/2019
9363858,DEN130013,11/22/2019
8950298,DEN130013,08/30/2019
6675278,DEN130013,06/28/2017
10285561,DEN130013,07/16/2020
9572004,DEN130013,01/09/2020
9309974,DEN130013,11/12/2019
10169610,DEN130013,06/18/2020
7630459,DEN130013,06/22/2018
7053768,DEN130013,11/22/2017
7231638,DEN130013,01/31/2018
6725413,DEN130013,07/19/2017
6936092,DEN130013,10/10/2017
10285482,DEN130013,07/16/2020
6952295,DEN130013,10/16/2017
10127820,DEN130013,06/08/2020
8170943,DEN130013,12/17/2018
9923349,DEN130013,04/03/2020
9526737,DEN130013,12/27/2019
6777168,DEN130013,08/09/2017
9128723,DEN130013,09/27/2019
8305942,DEN130013,02/05/2019
8362206,DEN130013,02/22/2019
6768074,DEN130013,08/04/2017
9884420,DEN130013,03/26/2020
9309970,DEN130013,11/12/2019
6764783,DEN130013,08/03/2017
10194333,DEN130013,06/25/2020
6737176,DEN130013,07/24/2017
6981056,DEN130013,10/26/2017
10035695,DEN130013,05/07/2020
7991227,DEN130013,10/22/2018
9540901,DEN130013,01/02/2020
6987723,DEN130013,10/30/2017
6722729,DEN130013,07/18/2017
10175459,DEN130013,06/19/2020
9759288,DEN130013,02/26/2020
10285431,DEN130013,07/16/2020
8258282,DEN130013,01/17/2019
9106293,DEN130013,09/23/2019
7931652,DEN130013,10/03/2018
7345767,DEN130013,03/16/2018
8110773,DEN130013,11/28/2018
9174419,DEN130013,10/10/2019
7953573,DEN130013,10/10/2018
7103786,DEN130013,12/11/2017
6380712,DEN130013,03/06/2017
9820048,DEN130013,03/11/2020
10175994,DEN130013,06/19/2020
8084649,DEN130013,11/19/2018
6875125,DEN130013,09/19/2017
8956922,DEN130013,09/03/2019
10176041,DEN130013,06/19/2020
7938268,DEN130013,10/05/2018
9572006,DEN130013,01/09/2020
7938214,DEN130013,10/05/2018
9770692,DEN130013,02/28/2020
7028917,DEN130013,11/14/2017
10175533,DEN130013,06/19/2020
10285506,DEN130013,07/16/2020
10176033,DEN130013,06/19/2020
8950292,DEN130013,08/30/2019
7553352,DEN130013,05/30/2018
9713151,DEN130013,02/14/2020
7621958,DEN130013,06/20/2018
7304196,DEN130013,02/28/2018
8634667,DEN130013,05/22/2019
10049287,DEN130013,05/12/2020
10285496,DEN130013,07/16/2020
8455745,DEN130013,03/27/2019
8846573,DEN130013,07/31/2019
8950295,DEN130013,08/30/2019
6725408,DEN130013,07/19/2017
7975292,DEN130013,10/17/2018
7176515,DEN130013,01/09/2018
10194325,DEN130013,06/25/2020
6708824,DEN130013,07/12/2017
9526968,DEN130013,12/27/2019
9930828,DEN130013,04/06/2020
9547946,DEN130013,01/03/2020
10101990,DEN130013,05/29/2020
9954549,DEN130013,04/13/2020
9572011,DEN130013,01/09/2020
9572010,DEN130013,01/09/2020
6653215,DEN130013,06/20/2017
7985121,DEN130013,10/19/2018
7828203,DEN130013,08/29/2018
10240746,DEN130013,07/07/2020
6837924,DEN130013,09/01/2017
6764747,DEN130013,08/03/2017
8047034,DEN130013,11/07/2018
7827370,DEN130013,08/29/2018
8906181,DEN130013,08/19/2019
7452437,DEN130013,04/23/2018
7451708,DEN130013,04/23/2018
10285489,DEN130013,07/16/2020
9733525,DEN130013,02/20/2020
7236996,DEN130013,02/02/2018
10067437,DEN130013,05/18/2020
10195144,DEN130013,06/25/2020
8539651,DEN130013,04/23/2019
7827374,DEN130013,08/29/2018
8668355,DEN130013,06/04/2019
9526819,DEN130013,12/27/2019
7809340,DEN130013,08/23/2018
8544110,DEN130013,04/24/2019
9954540,DEN130013,04/13/2020
8950290,DEN130013,08/30/2019
9954390,DEN130013,04/13/2020
8800712,DEN130013,07/17/2019
8248673,DEN130013,01/15/2019
7327516,DEN130013,03/09/2018
11789753,DEN130013,05/07/2021
9972248,DEN130013,04/17/2020
8528231,DEN130013,04/18/2019
7358798,DEN130013,03/21/2018
9733611,DEN130013,02/20/2020
6789062,DEN130013,08/11/2017
9934326,DEN130013,04/08/2020
9875007,DEN130013,03/24/2020
7703303,DEN130013,07/19/2018
9070805,DEN130013,09/16/2019
9363531,DEN130013,11/22/2019
6702264,DEN130013,07/11/2017
9483756,DEN130013,12/17/2019
9881108,DEN130013,03/25/2020
7734873,DEN130013,07/31/2018
9316332,DEN130013,11/13/2019
8402391,DEN130013,03/07/2019
7045833,DEN130013,11/20/2017
8350972,DEN130013,02/19/2019
9881031,DEN130013,03/25/2020
7569455,DEN130013,06/05/2018
7319377,DEN130013,03/06/2018
7932395,DEN130013,10/03/2018
7819397,DEN130013,08/27/2018
9757882,DEN130013,02/26/2020
9252351,DEN130013,10/29/2019
8539463,DEN130013,04/23/2019
6380175,DEN130013,03/06/2017
6765394,DEN130013,08/03/2017
10162200,DEN130013,06/17/2020
7703692,DEN130013,07/19/2018
7273037,DEN130013,02/15/2018
8861372,DEN130013,08/05/2019
9683829,DEN130013,02/07/2020
9120925,DEN130013,09/25/2019
9440189,DEN130013,12/09/2019
7047115,DEN130013,11/20/2017
8544871,DEN130013,04/24/2019
7698500,DEN130013,07/18/2018
9850035,DEN130013,03/18/2020
8444002,DEN130013,03/22/2019
8254494,DEN130013,01/16/2019
10089713,DEN130013,05/26/2020
8524808,DEN130013,04/17/2019
9917632,DEN130013,04/02/2020
6524102,DEN130013,04/26/2017
9316329,DEN130013,11/13/2019
10162199,DEN130013,06/17/2020
10285576,DEN130013,07/16/2020
6993238,DEN130013,11/01/2017
7319378,DEN130013,03/06/2018
7462870,DEN130013,04/25/2018
7960757,DEN130013,10/12/2018
9972268,DEN130013,04/17/2020
8746795,DEN130013,06/30/2019
7157886,DEN130013,01/02/2018
9386284,DEN130013,11/27/2019
7537529,DEN130013,05/23/2018
6714338,DEN130013,07/14/2017
10162203,DEN130013,06/17/2020
8612119,DEN130013,05/15/2019
6866448,DEN130013,09/14/2017
9175543,DEN130013,10/10/2019
10285620,DEN130013,07/16/2020
7060947,DEN130013,11/27/2017
8907033,DEN130013,08/19/2019
8984449,DEN130013,09/10/2019
8950304,DEN130013,08/30/2019
8950296,DEN130013,08/30/2019
6764759,DEN130013,08/03/2017
10260553,DEN130013,07/10/2020
6833794,DEN130013,08/31/2017
7767638,DEN130013,08/09/2018
9174420,DEN130013,10/10/2019
10067438,DEN130013,05/18/2020
8675719,DEN130013,06/06/2019
8355013,DEN130013,02/20/2019
9582348,DEN130013,01/13/2020
7148834,DEN130013,12/27/2017
7655163,DEN130013,07/02/2018
7064347,DEN130013,11/28/2017
9432411,DEN130013,12/06/2019
7915003,DEN130013,09/27/2018
9491818,DEN130013,12/18/2019
8337215,DEN130013,02/13/2019
7326793,DEN130013,03/09/2018
7086019,DEN130013,12/06/2017
9152991,DEN130013,10/03/2019
6703570,DEN130013,07/11/2017
9175556,DEN130013,10/10/2019
9633542,DEN130013,01/27/2020
8355750,DEN130013,02/20/2019
10162205,DEN130013,06/17/2020
8305717,DEN130013,02/05/2019
7480890,DEN130013,05/02/2018
8540209,DEN130013,04/23/2019
9226404,DEN130013,10/23/2019
7341369,DEN130013,03/15/2018
9972296,DEN130013,04/17/2020
8596540,DEN130013,05/09/2019
10176046,DEN130013,06/19/2020
9363854,DEN130013,11/22/2019
9578367,DEN130013,01/10/2020
9124177,DEN130013,09/26/2019
9831670,DEN130013,03/13/2020
10071574,DEN130013,05/19/2020
6745384,DEN130013,07/26/2017
8950288,DEN130013,08/30/2019
8606431,DEN130013,05/13/2019
9316903,DEN130013,11/13/2019
9874670,DEN130013,03/24/2020
7818868,DEN130013,08/27/2018
9572000,DEN130013,01/09/2020
8950301,DEN130013,08/30/2019
8950310,DEN130013,08/30/2019
8488037,DEN130013,04/05/2019
9292783,DEN130013,11/07/2019
7182640,DEN130013,01/11/2018
6776778,DEN130013,08/09/2017
9933984,DEN130013,04/08/2020
10175457,DEN130013,06/19/2020
9972281,DEN130013,04/17/2020
7148817,DEN130013,12/27/2017
7396612,DEN130013,04/04/2018
10076642,DEN130013,05/20/2020
9151442,DEN130013,10/03/2019
6427191,DEN130013,03/23/2017
7244683,DEN130013,02/06/2018
9917633,DEN130013,04/02/2020
8480543,DEN130013,04/03/2019
8037955,DEN130013,11/05/2018
6984439,DEN130013,10/27/2017
9930744,DEN130013,04/06/2020
6784846,DEN130013,08/10/2017
8857576,DEN130013,08/02/2019
9734315,DEN130013,02/20/2020
10127878,DEN130013,06/08/2020
9078206,DEN130013,09/17/2019
9461335,DEN130013,12/12/2019
6611182,DEN130013,06/05/2017
8861383,DEN130013,08/05/2019
6937285,DEN130013,10/10/2017
8861056,DEN130013,08/05/2019
8524450,DEN130013,04/17/2019
10240108,DEN130013,07/07/2020
8560573,DEN130013,04/29/2019
8004786,DEN130013,10/25/2018
8037639,DEN130013,11/05/2018
9968869,DEN130013,04/16/2020
7304445,DEN130013,02/28/2018
8727589,DEN130013,06/24/2019
7335375,DEN130013,03/13/2018
8524810,DEN130013,04/17/2019
9644624,DEN130013,01/29/2020
7396618,DEN130013,04/04/2018
8086790,DEN130013,11/19/2018
8583036,DEN130013,05/06/2019
7084359,DEN130013,12/05/2017
7865615,DEN130013,09/11/2018
6764787,DEN130013,08/03/2017
7335101,DEN130013,03/13/2018
9174418,DEN130013,10/10/2019
7083219,DEN130013,12/05/2017
3875386,K120771,06/16/2014
3789514,K120771,05/05/2014
3546282,K120771,01/02/2014
4056857,K120771,09/03/2014
3837109,K120771,05/28/2014
4128861,K120771,09/30/2014
7044899,K120771,11/20/2017
3686565,K120771,03/18/2014
4578772,K120771,03/06/2015
4167714,K120771,10/13/2014
4280231,K120771,11/26/2014
3698653,K120771,03/25/2014
4460244,K120771,01/28/2015
4153318,K120771,10/08/2014
4039422,K120771,08/27/2014
4021662,K120771,08/19/2014
4284612,K120771,11/29/2014
4049869,K120771,08/30/2014
3752526,K120771,04/15/2014
3885231,K120771,06/19/2014
4570874,K120771,03/04/2015
3978059,K120771,08/04/2014
4111738,K120771,09/23/2014
4215622,K120771,10/30/2014
4292518,K120771,12/02/2014
4560797,K120771,03/02/2015
4348417,K120771,12/19/2014
4348621,K120771,12/19/2014
3933014,K120771,07/14/2014
4570935,K120771,03/04/2015
4082567,K120771,09/11/2014
3973963,K120771,08/01/2014
3654770,K120771,03/03/2014
4061782,K120771,09/04/2014
4443373,K120771,01/22/2015
4050219,K120771,08/31/2014
3978403,K120771,08/04/2014
4000237,K120771,08/11/2014
4182646,K120771,10/17/2014
4065776,K120771,09/05/2014
3791579,K120771,05/06/2014
3602731,K120771,01/31/2014
3831307,K120771,05/24/2014
4061779,K120771,09/04/2014
4335089,K120771,12/16/2014
4249120,K120771,11/13/2014
4331033,K120771,12/15/2014
3962083,K120771,07/28/2014
4439433,K120771,01/21/2015
3977850,K120771,08/04/2014
6156581,K120771,12/08/2016
3982216,K120771,08/05/2014
4428793,K120771,01/16/2015
3433687,K120771,10/28/2013
4048795,K120771,08/29/2014
3545701,K120771,12/31/2013
4021663,K120771,08/19/2014
4460243,K120771,01/28/2015
3656594,K120771,03/04/2014
4052796,K120771,09/02/2014
4378017,K120771,01/02/2015
4049707,K120771,08/30/2014
4378016,K120771,01/02/2015
3844200,K120771,06/02/2014
3945171,K120771,07/18/2014
4017638,K120771,08/18/2014
3602692,K120771,01/31/2014
4101898,K120771,09/19/2014
4000236,K120771,08/11/2014
3939509,K120771,07/16/2014
4571059,K120771,03/04/2015
3917453,K120771,07/07/2014
4042846,K120771,08/27/2014
3945176,K120771,07/18/2014
3942649,K120771,07/17/2014
5230181,K120771,11/17/2015
4344094,K120771,12/18/2014
4576189,K120771,03/06/2015
4439449,K120771,01/21/2015
3691483,K120771,03/20/2014
4065775,K120771,09/05/2014
8560199,K133259,04/29/2019
4517313,K133259,02/11/2015
17787886,K150817,09/21/2023
16826753,K150817,04/27/2023
18320771,K150817,12/13/2023
7312280,K150817,03/04/2018
16780116,K150817,04/20/2023
16156042,K150817,01/13/2023
15469550,K150817,09/23/2022
17867059,K150817,10/04/2023
11105199,K150817,01/03/2021
15885703,K150817,11/30/2022
17984551,K150817,10/23/2023
18012509,K150817,10/26/2023
18423021,K150817,12/31/2023
15977780,K150817,12/14/2022
9249175,K150817,10/29/2019
16263175,K150817,01/30/2023
9144900,K150817,10/02/2019
10539692,K150817,09/16/2020
17959324,K150817,10/18/2023
14825769,K150817,06/27/2022
12158015,K150817,07/13/2021
18055168,K150817,11/02/2023
17387764,K150817,07/25/2023
9161618,K150817,10/07/2019
8027881,K150817,11/01/2018
11884872,K150817,05/26/2021
7841754,K150817,09/04/2018
16530904,K150817,03/13/2023
9146056,K150817,10/02/2019
12631440,K150817,10/14/2021
18363032,K150817,12/20/2023
15468936,K150817,09/22/2022
18107545,K150817,11/09/2023
18367561,K150817,12/20/2023
7576832,K150817,06/07/2018
8136708,K150817,12/06/2018
6665984,K150817,06/25/2017
18342245,K150817,12/17/2023
16951587,K150817,05/18/2023
9001232,K150817,09/12/2019
17696384,K150817,09/07/2023
8207335,K150817,01/01/2019
7849665,K150817,09/06/2018
7511854,K150817,05/14/2018
8269831,K150817,01/23/2019
9676058,K150817,02/06/2020
15291811,K150817,08/25/2022
8300458,K150817,02/03/2019
7917722,K150817,09/28/2018
11705594,K150817,04/22/2021
8787511,K150817,07/14/2019
15665677,K150817,10/25/2022
10238356,K150817,07/07/2020
10669251,K150817,10/13/2020
10660852,K150817,10/12/2020
10975148,K150817,12/09/2020
11010102,K150817,12/15/2020
11998870,K150817,06/15/2021
18054789,K150817,11/02/2023
9579500,K150817,01/12/2020
17737818,K150817,09/13/2023
18099049,K150817,11/09/2023
17697787,K150817,09/07/2023
8089407,K150817,11/20/2018
17610372,K150817,08/24/2023
11923009,K150817,06/02/2021
13059496,K150817,12/22/2021
10784357,K150817,11/04/2020
13565448,K150817,02/20/2022
17406591,K150817,07/27/2023
10633431,K150817,10/06/2020
17648395,K150817,08/30/2023
10747584,K150817,10/28/2020
9068969,K150817,09/16/2019
8905362,K150817,08/19/2019
8757313,K150817,07/03/2019
17839566,K150817,09/28/2023
17368833,K150817,07/21/2023
8987935,K150817,09/11/2019
16589677,K150817,03/22/2023
17736643,K150817,09/13/2023
11162437,K150817,01/13/2021
18235434,K150817,11/30/2023
10342967,K150817,07/30/2020
18070747,K150817,11/05/2023
8868041,K150817,08/07/2019
9401522,K150817,12/03/2019
18400750,K150817,12/27/2023
18255070,K150817,12/04/2023
9779406,K150817,03/03/2020
8193107,K150817,12/23/2018
10294195,K150817,07/20/2020
18391820,K150817,12/26/2023
16515925,K150817,03/09/2023
8975252,K150817,09/09/2019
11819094,K150817,05/13/2021
8193108,K150817,12/23/2018
10747890,K150817,10/28/2020
7653980,K150817,07/01/2018
11275545,K150817,02/03/2021
18254972,K150817,12/04/2023
11633785,K150817,04/08/2021
11373286,K150817,02/24/2021
16841375,K150817,04/30/2023
9260846,K150817,10/31/2019
8844819,K150817,07/31/2019
10600877,K150817,09/29/2020
7349000,K150817,03/19/2018
10419237,K150817,08/18/2020
12267782,K150817,08/03/2021
7312279,K150817,03/04/2018
8730824,K150817,06/25/2019
10373069,K150817,08/06/2020
10784277,K150817,11/04/2020
10373008,K150817,08/06/2020
10975093,K150817,12/09/2020
18117588,K150817,11/13/2023
11094728,K150817,12/30/2020
18391846,K150817,12/26/2023
16731999,K150817,04/13/2023
10903450,K150817,11/25/2020
8243013,K150817,01/13/2019
9224043,K150817,10/23/2019
8905526,K150817,08/19/2019
6665983,K150817,06/25/2017
11403043,K150817,03/03/2021
8193106,K150817,12/23/2018
11325996,K150817,02/14/2021
15371765,K150817,09/07/2022
16081322,K150817,01/01/2023
8373384,K150817,02/27/2019
18255158,K150817,12/04/2023
18140056,K150817,11/15/2023
12530946,K150817,09/26/2021
10526152,K150817,09/13/2020
8338712,K150817,02/14/2019
11854419,K150817,05/20/2021
16780931,K150817,04/20/2023
13616940,K150817,02/28/2022
12959927,K150817,12/08/2021
6665982,K150817,06/25/2017
7713611,K150817,07/24/2018
18228994,K150817,11/29/2023
12553864,K150817,09/30/2021
9693753,K150817,02/11/2020
7478756,K150817,05/02/2018
12415319,K150817,09/02/2021
16333037,K150817,02/09/2023
15743577,K150817,11/07/2022
12881871,K150817,11/29/2021
18371113,K150817,12/21/2023
17612161,K150817,08/24/2023
8059618,K150817,11/12/2018
16616754,K150817,03/26/2023
17017226,K150817,05/29/2023
18074417,K150817,11/06/2023
12097801,K150817,07/01/2021
13440498,K150817,02/03/2022
16971020,K150817,05/21/2023
9278196,K150817,11/05/2019
15851219,K150817,11/23/2022
12407830,K150817,09/01/2021
8881730,K150817,08/11/2019
18391763,K150817,12/26/2023
8338414,K150817,02/14/2019
16103431,K150817,01/05/2023
8944355,K150817,08/29/2019
8834617,K150817,07/28/2019
17735596,K150817,09/13/2023
15193413,K150817,08/09/2022
14495473,K150817,05/25/2022
13773708,K150817,03/15/2022
10453832,K150817,08/26/2020
15814098,K150817,11/17/2022
13859620,K150817,03/23/2022
13567930,K150817,02/21/2022
18150353,K150817,11/16/2023
18198698,K150817,11/23/2023
10064043,K150817,05/17/2020
7717612,K150817,07/25/2018
12381319,K150817,08/29/2021
7998399,K150817,10/24/2018
12907152,K150817,12/01/2021
12328586,K150817,08/16/2021
17839099,K150817,09/28/2023
7424970,K150817,04/12/2018
17675024,K150817,09/03/2023
17648313,K150817,08/30/2023
17560345,K150817,08/16/2023
17581220,K150817,08/20/2023
15291345,K150817,08/25/2022
17496135,K150817,08/10/2023
10114222,K150817,06/03/2020
18311811,K150817,12/12/2023
8844807,K150817,07/31/2019
9217261,K150817,10/22/2019
17839440,K150817,09/28/2023
15430901,K150817,09/15/2022
16485640,K150817,03/06/2023
10312487,K150817,07/23/2020
10373126,K150817,08/06/2020
18207671,K150817,11/26/2023
8389338,K150817,03/05/2019
8904352,K150817,08/18/2019
11011002,K150817,12/15/2020
16223889,K150817,01/23/2023
11372128,K150817,02/24/2021
10114366,K150817,06/03/2020
17496017,K150817,08/10/2023
18135633,K150817,11/14/2023
11378238,K150817,02/25/2021
8389341,K150817,03/05/2019
16826204,K150817,04/27/2023
13412726,K150817,02/01/2022
17132995,K150817,06/15/2023
15743276,K150817,11/07/2022
15416593,K150817,09/14/2022
17988777,K150817,10/23/2023
10710395,K150817,10/21/2020
8513502,K150817,04/15/2019
12466357,K150817,09/14/2021
8411449,K150817,03/12/2019
17496432,K150817,08/10/2023
8649311,K150817,05/29/2019
17764686,K150817,09/18/2023
17199787,K150817,06/26/2023
18099087,K150817,11/09/2023
15637123,K150817,10/20/2022
8027846,K150817,11/01/2018
8314084,K150817,02/07/2019
17265657,K150817,07/06/2023
16826877,K150817,04/27/2023
16517102,K150817,03/09/2023
8602674,K150817,05/13/2019
8706880,K150817,06/18/2019
15550491,K150817,10/06/2022
15589604,K150817,10/12/2022
18118362,K150817,11/13/2023
15036668,K150817,07/17/2022
18124146,K150817,11/13/2023
12148171,K150817,07/11/2021
9289506,K150817,11/07/2019
8644637,K150817,05/28/2019
16239274,K150817,01/25/2023
17825363,K150817,09/27/2023
17839363,K150817,09/28/2023
17581221,K150817,08/20/2023
8787526,K150817,07/14/2019
11818928,K150817,05/13/2021
15866940,K150817,11/26/2022
18012623,K150817,10/26/2023
18168257,K150817,11/20/2023
17448065,K150817,08/03/2023
17584197,K150817,08/21/2023
11064360,K150817,12/23/2020
11884789,K150817,05/26/2021
8665731,K150817,06/04/2019
10142185,K150817,06/11/2020
16173240,K150817,01/16/2023
17405457,K150817,07/27/2023
16103337,K150817,01/05/2023
18054981,K150817,11/02/2023
15722650,K150817,11/03/2022
17396930,K150817,07/26/2023
16649083,K150817,03/30/2023
7841702,K150817,09/04/2018
9144933,K150817,10/02/2019
16122253,K150817,01/09/2023
15986180,K150817,12/15/2022
16990893,K150817,05/24/2023
11964002,K150817,06/09/2021
15625699,K150817,10/18/2022
17424074,K150817,07/31/2023
7535606,K161772,05/22/2018
8659665,K161772,05/31/2019
8795000,K161772,07/16/2019
9242398,K161772,10/25/2019
7102595,K161772,12/10/2017
9225301,K161772,10/23/2019
9616474,K161772,01/22/2020
8737374,K161772,06/26/2019
9301542,K161772,11/08/2019
8795982,K161772,07/16/2019
9634655,K161772,01/27/2020
9447606,K161772,12/10/2019
6589668,K161772,05/24/2017
9406083,K161772,12/03/2019
7866155,K161772,09/11/2018
8948076,K161772,08/29/2019
8545729,K161772,04/24/2019
8175617,K161772,12/18/2018
9284588,K161772,11/06/2019
9365309,K161772,11/22/2019
9356858,K161772,11/21/2019
9413442,K161772,12/04/2019
9601815,K161772,01/17/2020
9470548,K161772,12/14/2019
9379358,K161772,11/26/2019
8713942,K161772,06/19/2019
9633876,K161772,01/27/2020
8030198,K161772,11/01/2018
7559146,K161772,05/31/2018
8454028,K161772,03/26/2019
9315660,K161772,11/13/2019
8842016,K161772,07/30/2019
9512348,K161772,12/23/2019
9153167,K161772,10/03/2019
9497804,K161772,12/19/2019
9975523,K161772,04/17/2020
8004784,K161772,10/25/2018
7515922,K161772,05/15/2018
9492707,K161772,12/19/2019
8424480,K161772,03/15/2019
8176344,K161772,12/18/2018
8655250,K161772,05/30/2019
9263758,K161772,10/31/2019
8999636,K161772,09/11/2019
9072627,K161772,09/16/2019
9126297,K161772,09/26/2019
9477842,K161772,12/17/2019
9099678,K161772,09/20/2019
9616181,K161772,01/22/2020
8833614,K161772,07/26/2019
9879536,K161772,03/25/2020
7029916,K161772,11/14/2017
8108640,K161772,11/27/2018
8261978,K161772,01/18/2019
9354852,K161772,11/21/2019
8902624,K161772,08/16/2019
8554566,K161772,04/26/2019
8689461,K161772,06/11/2019
8454202,K161772,03/26/2019
7652425,K161772,06/29/2018
8496772,K161772,04/09/2019
9406957,K161772,12/03/2019
8261983,K161772,01/18/2019
8236790,K161772,01/10/2019
9359375,K161772,11/21/2019
8461676,K161772,03/28/2019
9613059,K161772,01/21/2020
8554624,K161772,04/26/2019
8441843,K161772,03/21/2019
8500272,K161772,04/10/2019
8655505,K161772,05/30/2019
8269286,K161772,01/22/2019
8367282,K161772,02/25/2019
8083832,K161772,11/19/2018
8313234,K161772,02/06/2019
9125901,K161772,09/26/2019
8621618,K161772,05/17/2019
9503746,K161772,12/20/2019
9492862,K161772,12/19/2019
8261961,K161772,01/18/2019
8927479,K161772,08/23/2019
9210585,K161772,10/18/2019
8782335,K161772,07/11/2019
8175753,K161772,12/18/2018
8786311,K161772,07/12/2019
7123827,K161772,12/15/2017
9613397,K161772,01/21/2020
8283552,K161772,01/28/2019
8593438,K161772,05/08/2019
8593363,K161772,05/08/2019
7041269,K161834,11/17/2017
7383874,K161834,03/29/2018
15428762,K171056,09/15/2022
15501980,K171056,09/29/2022
12716566,K180038,10/28/2021
9118374,K180038,09/25/2019
12716569,K180038,10/28/2021
15992613,K180038,12/15/2022
12716581,K180038,10/28/2021
16045611,K180038,12/23/2022
15905866,K180038,12/02/2022
17972405,K180599,10/20/2023
8961088,K180599,09/04/2019
8356453,K181502,02/20/2019
11980131,K181574,06/10/2021
8691477,K181685,06/12/2019
9727507,K181685,02/19/2020
17998209,K181685,10/24/2023
8508898,K182616,04/12/2019
8543497,K182616,04/24/2019
16378387,K183133,02/15/2023
11991234,K183268,06/14/2021
14435496,K183268,05/19/2022
15758790,K183268,11/09/2022
15914881,K183593,12/05/2022
15114135,K183593,07/27/2022
15114368,K183593,07/27/2022
16626697,K183593,03/28/2023
18387578,K183646,12/22/2023
18311450,K183646,12/12/2023
18365495,K183646,12/20/2023
18311696,K183646,12/12/2023
18243475,K183646,11/30/2023
18263862,K183646,12/04/2023
18242449,K183646,11/30/2023
16452872,K190387,02/28/2023
16501820,K190387,03/08/2023
9295578,K190387,11/08/2019
16498402,K190387,03/07/2023
16498411,K190387,03/07/2023
16498389,K190387,03/07/2023
10960329,K190387,12/07/2020
10273334,K190387,07/14/2020
16452871,K190387,02/28/2023
16501821,K190387,03/08/2023
16498421,K190387,03/07/2023
10009417,K192065,04/29/2020
11881109,K192455,05/25/2021
13502451,K192455,02/09/2022
10375493,K192455,08/06/2020
12144440,K192455,07/09/2021
10609388,K192455,09/30/2020
11996143,K192455,06/14/2021
16820984,K192665,04/26/2023
10006598,K193087,04/28/2020
10141160,K193087,06/10/2020
14017316,K193282,04/05/2022
15519392,K200497,09/30/2022
16498386,K200569,03/07/2023
16491668,K200569,03/06/2023
16491605,K200569,03/06/2023
16491897,K200569,03/06/2023
11951648,K200569,06/07/2021
16452868,K200569,02/28/2023
16452877,K200569,02/28/2023
16974861,K201012,05/22/2023
16582808,K201012,03/21/2023
13237137,K201444,01/12/2022
11922692,K201444,06/02/2021
11719122,K203329,04/23/2021
11181805,K203329,01/15/2021
15341822,K203329,09/01/2022
14237249,K203443,04/28/2022
16914733,K210458,05/11/2023
16491674,K210645,03/06/2023
16491883,K210645,03/06/2023
16468453,K210645,03/02/2023
14269074,K210645,05/03/2022
16468458,K210645,03/02/2023
16735609,K210645,04/13/2023
16491687,K210645,03/06/2023
16491734,K210645,03/06/2023
16491617,K210645,03/06/2023
16491632,K210645,03/06/2023
17224344,K211597,06/29/2023
15501858,K211846,09/29/2022
16461997,K211867,03/01/2023
16462021,K211867,03/01/2023
16452870,K211867,02/28/2023
15162471,K211867,08/04/2022
16468452,K211867,03/02/2023
16461995,K211867,03/01/2023
16468454,K211867,03/02/2023
16461996,K211867,03/01/2023
16452869,K211867,02/28/2023
17918192,K212441,10/12/2023
17994081,K212441,10/24/2023
17993981,K212441,10/24/2023
17993985,K212441,10/24/2023
17918288,K212441,10/12/2023
17918403,K212441,10/12/2023
17994080,K212441,10/24/2023
17994082,K212441,10/24/2023
17917930,K212441,10/12/2023
17918130,K212441,10/12/2023
17917837,K212441,10/12/2023
17918193,K212441,10/12/2023
15976110,K212704,12/14/2022
16990625,K213583,05/24/2023
16616513,K213857,03/24/2023
17980670,K213857,10/20/2023
18370041,K213857,12/20/2023
17889995,K213857,10/06/2023
16916849,K213857,05/11/2023
18159025,K213857,11/17/2023
17927188,K213857,10/12/2023
17953747,K213857,10/17/2023
17032712,K213938,05/31/2023
15904015,K220141,12/02/2022
16452865,K220141,02/28/2023
16452867,K220141,02/28/2023
15906097,K220141,12/02/2022
16452864,K220141,02/28/2023
16306999,K220141,02/06/2023
16452866,K220141,02/28/2023
15064247,K220151,07/20/2022
17415528,K220589,07/28/2023
17452126,K220939,08/03/2023
15657330,K220939,10/24/2022
14642166,K220939,06/09/2022
17546159,K220939,08/14/2023
17452218,K221733,08/03/2023
17098106,K221733,06/09/2023
17465633,K221733,08/04/2023
18354641,K222312,12/19/2023
18414629,K222389,12/28/2023
18340782,K222389,12/15/2023
17466299,K222389,08/04/2023
18379428,K222389,12/21/2023
18378472,K222389,12/21/2023
18414728,K222389,12/28/2023
18372638,K222389,12/21/2023
18340785,K222389,12/15/2023
18340779,K222389,12/15/2023
18414637,K222389,12/28/2023
18419674,K222389,12/29/2023
18400928,K222389,12/27/2023
18419748,K222389,12/29/2023
18378398,K222389,12/21/2023
18372699,K222389,12/21/2023
18374960,K222389,12/21/2023
18354849,K222389,12/19/2023
17106816,K222389,06/12/2023
18378397,K222389,12/21/2023
18331020,K222389,12/14/2023
18414732,K222389,12/28/2023
18414734,K222389,12/28/2023
18414632,K222389,12/28/2023
18381556,K222389,12/22/2023
18374969,K222389,12/21/2023
18414733,K222389,12/28/2023
18378684,K222389,12/21/2023
18372649,K222389,12/21/2023
18340780,K222389,12/15/2023
18378540,K222389,12/21/2023
18128727,K223288,11/14/2023
17894023,K223343,10/09/2023
17621953,K223442,08/25/2023
16264585,K223442,01/30/2023
17438468,K231190,08/01/2023
17221062,K231190,06/28/2023
17442836,K231190,08/02/2023
17446880,K231190,08/02/2023
17442841,K231190,08/02/2023
18082953,K231560,11/07/2023
18300029,K231560,12/11/2023
18082949,K231560,11/07/2023
18193645,K231560,11/22/2023
